coach_name,season,n_decisions,go_rate,punt_rate,fg_rate,dqs,odr
Aaron Glenn,2025,137,0.291970802919708,0.5109489051094891,0.19708029197080293,0.007040985581445687,0.6788321167883211
Aaron Kromer,2012,39,0.1282051282051282,0.6410256410256411,0.23076923076923078,0.006753832685088131,0.717948717948718
Adam Gase,2016,118,0.059322033898305086,0.7711864406779662,0.1694915254237288,0.009111959196724723,0.652542372881356
Adam Gase,2017,128,0.1796875,0.6484375,0.171875,0.007150090711015207,0.703125
Adam Gase,2018,120,0.10833333333333334,0.7333333333333333,0.15833333333333333,0.00889660224603538,0.6333333333333333
Adam Gase,2019,129,0.13953488372093023,0.6666666666666666,0.1937984496124031,0.006309705938841493,0.6821705426356589
Adam Gase,2020,125,0.144,0.656,0.2,0.007332426154174644,0.624
Al Groh,2000,128,0.1328125,0.640625,0.2265625,0.010789952902377047,0.640625
Andy Reid,1999,144,0.05555555555555555,0.7361111111111112,0.20833333333333334,0.009746548595810435,0.6527777777777778
Andy Reid,2000,146,0.0958904109589041,0.678082191780822,0.22602739726027396,0.009094252743352047,0.636986301369863
Andy Reid,2001,161,0.09316770186335403,0.6832298136645962,0.2236024844720497,0.009200831017897225,0.6459627329192547
Andy Reid,2002,142,0.1267605633802817,0.6267605633802817,0.24647887323943662,0.007541093200180654,0.676056338028169
Andy Reid,2003,131,0.08396946564885496,0.6793893129770993,0.2366412213740458,0.011814536649587634,0.6259541984732825
Andy Reid,2004,125,0.04,0.672,0.288,0.007786389452062857,0.664
Andy Reid,2005,136,0.08088235294117647,0.7205882352941176,0.19852941176470587,0.008532568012647249,0.625
Andy Reid,2006,123,0.08943089430894309,0.7154471544715447,0.1951219512195122,0.013367106892719091,0.5609756097560976
Andy Reid,2007,117,0.1282051282051282,0.6239316239316239,0.24786324786324787,0.008317214724867758,0.7008547008547008
Andy Reid,2008,138,0.07246376811594203,0.6159420289855072,0.3115942028985507,0.008956097799032729,0.6739130434782609
Andy Reid,2009,129,0.11627906976744186,0.627906976744186,0.2558139534883721,0.004809569308012783,0.751937984496124
Andy Reid,2010,129,0.10852713178294573,0.5968992248062015,0.29457364341085274,0.008709725391261556,0.6356589147286822
Andy Reid,2011,106,0.1320754716981132,0.6320754716981132,0.2358490566037736,0.0077363162272335315,0.7075471698113207
Andy Reid,2012,124,0.18548387096774194,0.5806451612903226,0.23387096774193547,0.008469096699736956,0.6774193548387096
Andy Reid,2013,130,0.08461538461538462,0.6923076923076923,0.2230769230769231,0.01114490923598589,0.676923076923077
Andy Reid,2014,111,0.10810810810810811,0.6396396396396397,0.25225225225225223,0.01081179930567791,0.6306306306306306
Andy Reid,2015,132,0.08333333333333333,0.6212121212121212,0.29545454545454547,0.007256165955316605,0.6212121212121212
Andy Reid,2016,128,0.125,0.625,0.25,0.009550380395821761,0.65625
Andy Reid,2017,122,0.08196721311475409,0.5737704918032787,0.3442622950819672,0.008308989395535952,0.7131147540983607
Andy Reid,2018,100,0.19,0.54,0.27,0.005231265959445253,0.73
Andy Reid,2019,105,0.11428571428571428,0.5428571428571428,0.34285714285714286,0.005556913246452509,0.7238095238095238
Andy Reid,2020,105,0.19047619047619047,0.5333333333333333,0.2761904761904762,0.006528992404715732,0.7238095238095238
Andy Reid,2021,98,0.15306122448979592,0.5102040816326531,0.336734693877551,0.007332821869792637,0.7346938775510204
Andy Reid,2022,105,0.09523809523809523,0.6,0.3047619047619048,0.006089513037871681,0.7523809523809524
Andy Reid,2023,136,0.16911764705882354,0.5294117647058824,0.3014705882352941,0.007757414598414771,0.7720588235294118
Andy Reid,2024,128,0.15625,0.5625,0.28125,0.00565710819922922,0.7265625
Andy Reid,2025,120,0.24166666666666667,0.4666666666666667,0.2916666666666667,0.0068169976585288755,0.7916666666666666
Anthony Lynn,2017,110,0.09090909090909091,0.6727272727272727,0.23636363636363636,0.011847705921422617,0.6636363636363637
Anthony Lynn,2018,111,0.09009009009009009,0.6486486486486487,0.26126126126126126,0.007415250779264478,0.6756756756756757
Anthony Lynn,2019,93,0.17204301075268819,0.5161290322580645,0.3118279569892473,0.008877025138557438,0.6451612903225806
Anthony Lynn,2020,112,0.21428571428571427,0.5357142857142857,0.25,0.005042665822953091,0.7857142857142857
Antonio Pierce,2023,74,0.13513513513513514,0.6486486486486487,0.21621621621621623,0.006255898970946369,0.7297297297297297
Antonio Pierce,2024,128,0.1953125,0.5234375,0.28125,0.007942601871052429,0.7109375
Arthur Smith,2021,115,0.20869565217391303,0.5739130434782609,0.21739130434782608,0.0065853585641025185,0.6956521739130435
Arthur Smith,2022,107,0.14018691588785046,0.5794392523364486,0.2803738317757009,0.008186032674862507,0.6915887850467289
Arthur Smith,2023,127,0.14960629921259844,0.5905511811023622,0.25984251968503935,0.0064272691618341435,0.7007874015748031
Ben Johnson,2025,140,0.2642857142857143,0.44285714285714284,0.29285714285714287,0.007778579256186042,0.7428571428571429
Ben McAdoo,2016,142,0.14084507042253522,0.6971830985915493,0.1619718309859155,0.009656385862051866,0.6408450704225352
Ben McAdoo,2017,102,0.14705882352941177,0.6862745098039216,0.16666666666666666,0.006287507904901037,0.7156862745098039
Bill Belichick,2000,141,0.1702127659574468,0.6312056737588653,0.19858156028368795,0.00823383805677391,0.6524822695035462
Bill Belichick,2001,145,0.12413793103448276,0.6689655172413793,0.20689655172413793,0.007469934431816157,0.6689655172413793
Bill Belichick,2002,117,0.1623931623931624,0.6068376068376068,0.23076923076923078,0.010699363619822313,0.5641025641025641
Bill Belichick,2003,153,0.10457516339869281,0.6405228758169934,0.2549019607843137,0.008863080835956529,0.673202614379085
Bill Belichick,2004,114,0.07017543859649122,0.6140350877192983,0.3157894736842105,0.007540680978671913,0.6578947368421053
Bill Belichick,2005,128,0.1484375,0.6640625,0.1875,0.00935133541262387,0.734375
Bill Belichick,2006,138,0.15942028985507245,0.6014492753623188,0.2391304347826087,0.0076506639440359825,0.6811594202898551
Bill Belichick,2007,103,0.22330097087378642,0.5242718446601942,0.2524271844660194,0.006288971727111621,0.6893203883495146
Bill Belichick,2008,106,0.18867924528301888,0.4528301886792453,0.3584905660377358,0.009230236853823745,0.6509433962264151
Bill Belichick,2009,115,0.19130434782608696,0.5304347826086957,0.2782608695652174,0.0073672460888398765,0.6956521739130435
Bill Belichick,2010,98,0.1326530612244898,0.6326530612244898,0.23469387755102042,0.004528442416578163,0.7653061224489796
Bill Belichick,2011,108,0.10185185185185185,0.5833333333333334,0.3148148148148148,0.007258069073241925,0.6851851851851852
Bill Belichick,2012,119,0.1092436974789916,0.5966386554621849,0.29411764705882354,0.00837965460093551,0.6638655462184874
Bill Belichick,2013,139,0.1079136690647482,0.6115107913669064,0.2805755395683453,0.00891782012015726,0.6618705035971223
Bill Belichick,2014,129,0.10852713178294573,0.6124031007751938,0.27906976744186046,0.007688382070116246,0.6589147286821705
Bill Belichick,2015,138,0.13043478260869565,0.6014492753623188,0.26811594202898553,0.0059517667280324996,0.7028985507246377
Bill Belichick,2016,130,0.08461538461538462,0.6461538461538462,0.2692307692307692,0.007196185163325733,0.6461538461538462
Bill Belichick,2017,124,0.12903225806451613,0.5403225806451613,0.33064516129032256,0.009222205057543422,0.6532258064516129
Bill Belichick,2018,128,0.140625,0.578125,0.28125,0.005748934631847482,0.6953125
Bill Belichick,2019,135,0.1037037037037037,0.6296296296296297,0.26666666666666666,0.009959045384448325,0.674074074074074
Bill Belichick,2020,97,0.17525773195876287,0.5567010309278351,0.26804123711340205,0.0076371969448959425,0.6391752577319587
Bill Belichick,2021,112,0.17857142857142858,0.49107142857142855,0.33035714285714285,0.006585483426678458,0.6785714285714286
Bill Belichick,2022,124,0.0967741935483871,0.6370967741935484,0.2661290322580645,0.009915619004206467,0.6693548387096774
Bill Belichick,2023,144,0.1736111111111111,0.6597222222222222,0.16666666666666666,0.006941541675818783,0.7152777777777778
Bill Callahan,2019,80,0.075,0.65,0.275,0.007299908965410068,0.6625
Bill Cowher,1999,132,0.17424242424242425,0.6363636363636364,0.1893939393939394,0.009525003987067461,0.6212121212121212
Bill Cowher,2000,126,0.07142857142857142,0.6984126984126984,0.23015873015873015,0.011737852756588722,0.6349206349206349
Bill Cowher,2001,132,0.09090909090909091,0.5606060606060606,0.3484848484848485,0.008914075921311337,0.6590909090909091
Bill Cowher,2002,135,0.16296296296296298,0.5555555555555556,0.2814814814814815,0.0076917711653499195,0.674074074074074
Bill Cowher,2003,135,0.14814814814814814,0.6296296296296297,0.2222222222222222,0.009946831303840479,0.6444444444444445
Bill Cowher,2004,121,0.11570247933884298,0.6115702479338843,0.2727272727272727,0.005349322729343814,0.71900826446281
Bill Cowher,2005,131,0.09923664122137404,0.6641221374045801,0.2366412213740458,0.009267050913973358,0.6870229007633588
Bill Cowher,2006,111,0.1891891891891892,0.5855855855855856,0.22522522522522523,0.008871835134716309,0.6936936936936937
Bill O'Brien,2014,134,0.11194029850746269,0.6268656716417911,0.26119402985074625,0.009726496238974924,0.6194029850746269
Bill O'Brien,2015,147,0.1360544217687075,0.6870748299319728,0.17687074829931973,0.005740580120582302,0.7414965986394558
Bill O'Brien,2016,154,0.14935064935064934,0.577922077922078,0.2727272727272727,0.01169025634698202,0.6233766233766234
Bill O'Brien,2017,126,0.07936507936507936,0.7222222222222222,0.1984126984126984,0.006298670254632206,0.7301587301587301
Bill O'Brien,2018,132,0.12121212121212122,0.5984848484848485,0.2803030303030303,0.0088822546181446,0.6363636363636364
Bill O'Brien,2019,119,0.23529411764705882,0.5462184873949579,0.2184873949579832,0.007059589874068959,0.7058823529411765
Bill O'Brien,2020,26,0.15384615384615385,0.6153846153846154,0.23076923076923078,0.010531779603696575,0.5769230769230769
Bill Parcells,1999,136,0.16176470588235295,0.6029411764705882,0.23529411764705882,0.008175122808263711,0.6397058823529411
Bill Parcells,2003,143,0.1048951048951049,0.7132867132867133,0.18181818181818182,0.009045646592821092,0.6293706293706294
Bill Parcells,2004,115,0.1391304347826087,0.6434782608695652,0.21739130434782608,0.00892309852849818,0.6173913043478261
Bill Parcells,2005,117,0.10256410256410256,0.6923076923076923,0.20512820512820512,0.010894291203152575,0.6410256410256411
Bill Parcells,2006,105,0.19047619047619047,0.580952380952381,0.22857142857142856,0.007170300709521194,0.7619047619047619
Bobby Petrino,2007,106,0.11320754716981132,0.6226415094339622,0.2641509433962264,0.008350340796101911,0.660377358490566
Bobby Ross,1999,140,0.12857142857142856,0.6642857142857143,0.20714285714285716,0.010122954779144896,0.6357142857142857
Bobby Ross,2000,61,0.04918032786885246,0.6885245901639344,0.26229508196721313,0.009922634753755375,0.6885245901639344
Brad Childress,2006,136,0.14705882352941177,0.6838235294117647,0.16911764705882354,0.009881104899224193,0.6176470588235294
Brad Childress,2007,114,0.11403508771929824,0.6929824561403509,0.19298245614035087,0.009677594948753983,0.6578947368421053
Brad Childress,2008,128,0.1328125,0.625,0.2421875,0.00789161844526809,0.6796875
Brad Childress,2009,124,0.11290322580645161,0.6612903225806451,0.22580645161290322,0.0062214421049128265,0.6612903225806451
Brad Childress,2010,69,0.18840579710144928,0.6376811594202898,0.17391304347826086,0.012856759584836912,0.5652173913043478
Brandon Staley,2021,101,0.26732673267326734,0.4752475247524752,0.25742574257425743,0.006558172905237443,0.7524752475247525
Brandon Staley,2022,139,0.18705035971223022,0.5611510791366906,0.2517985611510791,0.006953051417641044,0.6906474820143885
Brandon Staley,2023,104,0.23076923076923078,0.5865384615384616,0.18269230769230768,0.00795693400570654,0.7019230769230769
Brian Billick,1999,135,0.06666666666666667,0.7185185185185186,0.21481481481481482,0.009967738304355406,0.6888888888888889
Brian Billick,2000,168,0.03571428571428571,0.7023809523809523,0.2619047619047619,0.00899490220509047,0.6428571428571429
Brian Billick,2001,144,0.08333333333333333,0.6805555555555556,0.2361111111111111,0.010971599982584665,0.5694444444444444
Brian Billick,2002,121,0.09917355371900827,0.6859504132231405,0.21487603305785125,0.013516096395913186,0.5537190082644629
Brian Billick,2003,147,0.07482993197278912,0.673469387755102,0.25170068027210885,0.009820424441558104,0.673469387755102
Brian Billick,2004,138,0.10869565217391304,0.6884057971014492,0.2028985507246377,0.009784450362254456,0.6159420289855072
Brian Billick,2005,133,0.13533834586466165,0.6390977443609023,0.22556390977443608,0.0064664820430649665,0.6992481203007519
Brian Billick,2006,130,0.08461538461538462,0.6846153846153846,0.23076923076923078,0.010146707745728083,0.6461538461538462
Brian Billick,2007,127,0.15748031496062992,0.6141732283464567,0.2283464566929134,0.009084802701583643,0.5826771653543307
Brian Callahan,2024,122,0.18032786885245902,0.6147540983606558,0.20491803278688525,0.010114289215000804,0.6311475409836066
Brian Callahan,2025,143,0.24475524475524477,0.5454545454545454,0.2097902097902098,0.009877426561378643,0.6363636363636364
Brian Daboll,2022,137,0.18248175182481752,0.5985401459854015,0.21897810218978103,0.008476040613802107,0.7226277372262774
Brian Daboll,2023,162,0.22839506172839505,0.5864197530864198,0.18518518518518517,0.00932169984117033,0.6851851851851852
Brian Daboll,2024,137,0.24817518248175183,0.5620437956204379,0.1897810218978102,0.011149584869441552,0.5985401459854015
Brian Daboll,2025,118,0.2796610169491525,0.5,0.22033898305084745,0.0074486580823010335,0.7203389830508474
Brian Flores,2019,124,0.22580645161290322,0.5564516129032258,0.21774193548387097,0.007261134599630325,0.7016129032258065
Brian Flores,2020,109,0.09174311926605505,0.6238532110091743,0.28440366972477066,0.009447903820922232,0.6972477064220184
Brian Flores,2021,125,0.168,0.616,0.216,0.007561148714885917,0.656
Brian Schottenheimer,2025,105,0.29523809523809524,0.38095238095238093,0.3238095238095238,0.004554443577049906,0.819047619047619
Bruce Arians,2013,120,0.06666666666666667,0.65,0.2833333333333333,0.009789383785160323,0.6583333333333333
Bruce Arians,2014,136,0.029411764705882353,0.7426470588235294,0.22794117647058823,0.008887468801490253,0.6397058823529411
Bruce Arians,2015,108,0.1111111111111111,0.6296296296296297,0.25925925925925924,0.008283665557939877,0.6759259259259259
Bruce Arians,2016,111,0.08108108108108109,0.7207207207207207,0.1981981981981982,0.01052753166144271,0.6036036036036037
Bruce Arians,2017,139,0.11510791366906475,0.6187050359712231,0.26618705035971224,0.010212532926608875,0.6546762589928058
Bruce Arians,2019,106,0.16037735849056603,0.5377358490566038,0.3018867924528302,0.008613241751969026,0.6698113207547169
Bruce Arians,2020,123,0.13008130081300814,0.5528455284552846,0.3170731707317073,0.0071455957860969725,0.6747967479674797
Bruce Arians,2021,124,0.16129032258064516,0.5806451612903226,0.25806451612903225,0.007684322309473876,0.7096774193548387
Bruce Coslet,1999,132,0.16666666666666666,0.6363636363636364,0.19696969696969696,0.008374514363476963,0.6439393939393939
Bruce Coslet,2000,28,0.2857142857142857,0.6071428571428571,0.10714285714285714,0.009856566459195627,0.5714285714285714
Butch Davis,2001,135,0.08888888888888889,0.7333333333333333,0.17777777777777778,0.009421991891417035,0.6222222222222222
Butch Davis,2002,127,0.07086614173228346,0.7007874015748031,0.2283464566929134,0.00941464485111134,0.6377952755905512
Butch Davis,2003,115,0.1391304347826087,0.6260869565217392,0.23478260869565218,0.011712924264509327,0.5391304347826087
Butch Davis,2004,89,0.07865168539325842,0.6853932584269663,0.23595505617977527,0.009529006661310816,0.6629213483146067
Cam Cameron,2007,120,0.16666666666666666,0.6416666666666667,0.19166666666666668,0.0128535756123142,0.6
Chan Gailey,1999,131,0.1297709923664122,0.6259541984732825,0.24427480916030533,0.007592694677208706,0.6717557251908397
Chan Gailey,2010,116,0.1896551724137931,0.646551724137931,0.16379310344827586,0.00861815543586242,0.6724137931034483
Chan Gailey,2011,121,0.18181818181818182,0.6033057851239669,0.21487603305785125,0.00942729006944367,0.628099173553719
Chan Gailey,2012,107,0.07476635514018691,0.7476635514018691,0.17757009345794392,0.008721291132433091,0.6261682242990654
Chip Kelly,2013,129,0.11627906976744186,0.6821705426356589,0.20155038759689922,0.007362305084347144,0.689922480620155
Chip Kelly,2014,119,0.09243697478991597,0.6386554621848739,0.2689075630252101,0.00815376125097394,0.7058823529411765
Chip Kelly,2015,123,0.13008130081300814,0.6829268292682927,0.18699186991869918,0.012142267424789476,0.6829268292682927
Chip Kelly,2016,140,0.1357142857142857,0.7142857142857143,0.15,0.007336561983306321,0.6571428571428571
Chris Palmer,1999,126,0.10317460317460317,0.8095238095238095,0.0873015873015873,0.00946197080344365,0.6190476190476191
Chris Palmer,2000,141,0.1347517730496454,0.75177304964539,0.11347517730496454,0.01147620179754341,0.5177304964539007
Chris Tabor,2023,61,0.36065573770491804,0.4918032786885246,0.14754098360655737,0.006140133000733436,0.7049180327868853
Chuck Pagano,2012,122,0.08196721311475409,0.639344262295082,0.2786885245901639,0.00918752619885421,0.5819672131147541
Chuck Pagano,2013,134,0.08208955223880597,0.6119402985074627,0.30597014925373134,0.008848394835531317,0.6940298507462687
Chuck Pagano,2014,132,0.10606060606060606,0.6212121212121212,0.2727272727272727,0.006415547283046313,0.7045454545454546
Chuck Pagano,2015,121,0.09917355371900827,0.6859504132231405,0.21487603305785125,0.010284740034656844,0.628099173553719
Chuck Pagano,2016,103,0.1650485436893204,0.5436893203883495,0.2912621359223301,0.008627454109743653,0.6990291262135923
Chuck Pagano,2017,133,0.12781954887218044,0.6390977443609023,0.23308270676691728,0.00747011232046864,0.7142857142857143
Dan Campbell,2021,128,0.2890625,0.5078125,0.203125,0.006000270459030017,0.75
Dan Campbell,2022,112,0.2857142857142857,0.4642857142857143,0.25,0.006096353233484887,0.7142857142857143
Dan Campbell,2023,130,0.3076923076923077,0.5076923076923077,0.18461538461538463,0.006411566065414063,0.6923076923076923
Dan Campbell,2024,101,0.2871287128712871,0.45544554455445546,0.25742574257425743,0.007258261558436697,0.7722772277227723
Dan Campbell,2025,111,0.24324324324324326,0.4954954954954955,0.26126126126126126,0.0052584858993944975,0.7297297297297297
Dan Quinn,2015,107,0.18691588785046728,0.5514018691588785,0.2616822429906542,0.0072477047918430935,0.6822429906542056
Dan Quinn,2016,111,0.12612612612612611,0.5315315315315315,0.34234234234234234,0.007924678923798376,0.7117117117117117
Dan Quinn,2017,120,0.125,0.5333333333333333,0.3416666666666667,0.0075420557032737584,0.6583333333333333
Dan Quinn,2018,104,0.18269230769230768,0.5961538461538461,0.22115384615384615,0.006214438682038619,0.7403846153846154
Dan Quinn,2019,109,0.1834862385321101,0.48623853211009177,0.3302752293577982,0.008459749981807357,0.6972477064220184
Dan Quinn,2020,39,0.28205128205128205,0.46153846153846156,0.2564102564102564,0.00670910784520161,0.7948717948717948
Dan Quinn,2024,130,0.2692307692307692,0.3923076923076923,0.3384615384615385,0.006046941837324673,0.7230769230769231
Dan Quinn,2025,105,0.24761904761904763,0.5333333333333333,0.21904761904761905,0.007505924609269824,0.7238095238095238
Dan Reeves,1999,112,0.11607142857142858,0.7142857142857143,0.16964285714285715,0.009250468314528316,0.625
Dan Reeves,2000,128,0.1015625,0.6640625,0.234375,0.00778843480102402,0.6328125
Dan Reeves,2001,121,0.14049586776859505,0.5702479338842975,0.2892561983471074,0.007387082406825442,0.6528925619834711
Dan Reeves,2002,128,0.0703125,0.6015625,0.328125,0.008592116670642113,0.65625
Dan Reeves,2003,100,0.07,0.72,0.21,0.009616658499078534,0.62
Darrell Bevell,2020,25,0.2,0.68,0.12,0.011646764983963049,0.56
Darrell Bevell,2021,29,0.20689655172413793,0.4482758620689655,0.3448275862068966,0.007708494873680014,0.5172413793103449
Dave Campo,2000,113,0.1415929203539823,0.6017699115044248,0.25663716814159293,0.009707781521014553,0.584070796460177
Dave Campo,2001,124,0.12096774193548387,0.6370967741935484,0.24193548387096775,0.011224634444822216,0.6209677419354839
Dave Campo,2002,138,0.07971014492753623,0.7971014492753623,0.12318840579710146,0.011299580277027283,0.644927536231884
Dave Canales,2024,125,0.24,0.576,0.184,0.010289309559829762,0.656
Dave Canales,2025,126,0.31746031746031744,0.46825396825396826,0.21428571428571427,0.0073273496711960375,0.7301587301587301
Dave McGinnis,2000,50,0.26,0.62,0.12,0.008992743846198662,0.64
Dave McGinnis,2001,129,0.13953488372093023,0.6744186046511628,0.18604651162790697,0.008467688141884581,0.6434108527131783
Dave McGinnis,2002,120,0.1,0.7416666666666667,0.15833333333333333,0.01090995233581817,0.5666666666666667
Dave McGinnis,2003,129,0.17054263565891473,0.6434108527131783,0.18604651162790697,0.008819947921183771,0.6201550387596899
Dave Wannstedt,2000,135,0.08148148148148149,0.6962962962962963,0.2222222222222222,0.008439123050045565,0.6296296296296297
Dave Wannstedt,2001,121,0.12396694214876033,0.7107438016528925,0.1652892561983471,0.009524499316902529,0.6115702479338843
Dave Wannstedt,2002,108,0.09259259259259259,0.6296296296296297,0.2777777777777778,0.00778917580863877,0.6759259259259259
Dave Wannstedt,2003,115,0.06086956521739131,0.7043478260869566,0.23478260869565218,0.007858825895842962,0.6434782608695652
Dave Wannstedt,2004,74,0.16216216216216217,0.6621621621621622,0.17567567567567569,0.009950982678046099,0.6891891891891891
David Culley,2021,132,0.15151515151515152,0.6666666666666666,0.18181818181818182,0.008626756916174124,0.6590909090909091
DeMeco Ryans,2023,145,0.13793103448275862,0.6137931034482759,0.2482758620689655,0.007468772142644086,0.7034482758620689
DeMeco Ryans,2024,144,0.125,0.5763888888888888,0.2986111111111111,0.006562065349896793,0.75
DeMeco Ryans,2025,150,0.14,0.5266666666666666,0.3333333333333333,0.00555642985716123,0.7533333333333333
Dennis Allen,2022,118,0.09322033898305085,0.652542372881356,0.2542372881355932,0.007791217228607592,0.6610169491525424
Dennis Allen,2023,129,0.13953488372093023,0.5813953488372093,0.27906976744186046,0.00576984643077059,0.751937984496124
Dennis Allen,2024,131,0.20610687022900764,0.5725190839694656,0.22137404580152673,0.008667766264920147,0.6564885496183206
Dennis Erickson,2003,116,0.13793103448275862,0.5948275862068966,0.2672413793103448,0.009799865571101391,0.6293103448275862
Dennis Erickson,2004,132,0.13636363636363635,0.7196969696969697,0.14393939393939395,0.012104699792417496,0.553030303030303
Dennis Green,1999,111,0.0990990990990991,0.6306306306306306,0.2702702702702703,0.007638226840807895,0.7207207207207207
Dennis Green,2000,106,0.12264150943396226,0.6886792452830188,0.18867924528301888,0.00679455631215564,0.7169811320754716
Dennis Green,2001,98,0.1836734693877551,0.6530612244897959,0.16326530612244897,0.011878938577120074,0.6020408163265306
Dennis Green,2004,136,0.08823529411764706,0.7205882352941176,0.19117647058823528,0.008144972064763518,0.6691176470588235
Dennis Green,2005,132,0.12121212121212122,0.5454545454545454,0.3333333333333333,0.006147493459073471,0.7121212121212122
Dennis Green,2006,117,0.1282051282051282,0.5811965811965812,0.2905982905982906,0.007977155007779312,0.6923076923076923
Dick Jauron,1999,143,0.1888111888111888,0.5804195804195804,0.23076923076923078,0.008533713586004922,0.6223776223776224
Dick Jauron,2000,146,0.1643835616438356,0.6575342465753424,0.1780821917808219,0.011670449797852669,0.5205479452054794
Dick Jauron,2001,141,0.1347517730496454,0.6595744680851063,0.20567375886524822,0.009843477595896946,0.6099290780141844
Dick Jauron,2002,133,0.15789473684210525,0.6541353383458647,0.18796992481203006,0.011240760394027674,0.6390977443609023
Dick Jauron,2003,133,0.15037593984962405,0.6015037593984962,0.24812030075187969,0.010591227532632074,0.6466165413533834
Dick Jauron,2005,35,0.05714285714285714,0.7428571428571429,0.2,0.009220738577164184,0.6571428571428571
Dick Jauron,2006,124,0.08064516129032258,0.7419354838709677,0.1774193548387097,0.008614806813982098,0.6209677419354839
Dick Jauron,2007,121,0.1322314049586777,0.6694214876033058,0.19834710743801653,0.009408572388545597,0.6611570247933884
Dick Jauron,2008,107,0.14018691588785046,0.5233644859813084,0.3364485981308411,0.008206801273621842,0.6728971962616822
Dick Jauron,2009,77,0.11688311688311688,0.7012987012987013,0.18181818181818182,0.008588713236054722,0.6753246753246753
Dick LeBeau,2000,108,0.14814814814814814,0.7037037037037037,0.14814814814814814,0.00921631625047499,0.5462962962962963
Dick LeBeau,2001,132,0.1590909090909091,0.6439393939393939,0.19696969696969696,0.0091181596041245,0.6136363636363636
Dick LeBeau,2002,120,0.25,0.6083333333333333,0.14166666666666666,0.009003990643294104,0.65
Dick Vermeil,2001,118,0.1271186440677966,0.635593220338983,0.23728813559322035,0.011524042208454204,0.5254237288135594
Dick Vermeil,2002,100,0.1,0.64,0.26,0.011464826206612815,0.61
Dick Vermeil,2003,110,0.10909090909090909,0.7363636363636363,0.15454545454545454,0.007719263335909266,0.6272727272727273
Dick Vermeil,2004,87,0.14942528735632185,0.6091954022988506,0.2413793103448276,0.008748829073525624,0.6896551724137931
Dick Vermeil,2005,110,0.13636363636363635,0.5909090909090909,0.2727272727272727,0.007816840241871672,0.6363636363636364
Dirk Koetter,2016,106,0.08490566037735849,0.6415094339622641,0.27358490566037735,0.009088022474877092,0.6698113207547169
Dirk Koetter,2017,103,0.07766990291262135,0.6407766990291263,0.2815533980582524,0.010227969616245298,0.6699029126213593
Dirk Koetter,2018,94,0.1276595744680851,0.6170212765957447,0.2553191489361702,0.007211851380518732,0.6914893617021277
Dom Capers,2002,151,0.08609271523178808,0.7615894039735099,0.152317880794702,0.009269167852111465,0.5827814569536424
Dom Capers,2003,126,0.07936507936507936,0.7698412698412699,0.15079365079365079,0.01125711131791208,0.5952380952380952
Dom Capers,2004,110,0.17272727272727273,0.6545454545454545,0.17272727272727273,0.009270032718661999,0.6454545454545455
Dom Capers,2005,124,0.12903225806451613,0.6129032258064516,0.25806451612903225,0.009927429865954625,0.6370967741935484
Doug Marrone,2013,144,0.09722222222222222,0.6597222222222222,0.24305555555555555,0.008739377225738969,0.6388888888888888
Doug Marrone,2014,135,0.1037037037037037,0.6370370370370371,0.25925925925925924,0.0113246487038175,0.6
Doug Marrone,2017,155,0.1032258064516129,0.6774193548387096,0.21935483870967742,0.010311103560930778,0.6838709677419355
Doug Marrone,2018,128,0.1328125,0.671875,0.1953125,0.008102153950309903,0.671875
Doug Marrone,2019,131,0.183206106870229,0.5725190839694656,0.24427480916030533,0.006965242422593316,0.7099236641221374
Doug Marrone,2020,110,0.22727272727272727,0.5818181818181818,0.19090909090909092,0.00948179467473607,0.6454545454545455
Doug Pederson,2016,126,0.20634920634920634,0.49206349206349204,0.30158730158730157,0.0072829876781426925,0.746031746031746
Doug Pederson,2017,138,0.1956521739130435,0.5434782608695652,0.2608695652173913,0.009069438560569531,0.717391304347826
Doug Pederson,2018,122,0.1885245901639344,0.5737704918032787,0.23770491803278687,0.006398861108321787,0.7622950819672131
Doug Pederson,2019,127,0.2047244094488189,0.5748031496062992,0.2204724409448819,0.007152618423819152,0.7165354330708661
Doug Pederson,2020,122,0.2540983606557377,0.6065573770491803,0.13934426229508196,0.005549119011861869,0.7377049180327869
Doug Pederson,2022,126,0.23809523809523808,0.5158730158730159,0.24603174603174602,0.010203883032437768,0.6746031746031746
Doug Pederson,2023,124,0.23387096774193547,0.4838709677419355,0.28225806451612906,0.008551826949304168,0.6129032258064516
Doug Pederson,2024,116,0.20689655172413793,0.5775862068965517,0.21551724137931033,0.008096826992512504,0.6982758620689655
Emmitt Thomas,2007,32,0.1875,0.625,0.1875,0.006023821215368514,0.59375
Eric Mangini,2006,120,0.13333333333333333,0.6333333333333333,0.23333333333333334,0.01198926389913799,0.575
Eric Mangini,2007,121,0.1652892561983471,0.5867768595041323,0.24793388429752067,0.008368309927297347,0.6033057851239669
Eric Mangini,2008,100,0.15,0.59,0.26,0.008258238935442586,0.68
Eric Mangini,2009,132,0.11363636363636363,0.7045454545454546,0.18181818181818182,0.010023009896417944,0.5757575757575758
Eric Mangini,2010,105,0.047619047619047616,0.7333333333333333,0.21904761904761905,0.010188600779745611,0.638095238095238
Eric Studesville,2010,32,0.125,0.65625,0.21875,0.008960705084547412,0.6875
Frank Reich,2018,104,0.14423076923076922,0.6442307692307693,0.21153846153846154,0.008382900104179246,0.6730769230769231
Frank Reich,2019,107,0.19626168224299065,0.5514018691588785,0.2523364485981308,0.005588929159116389,0.7850467289719626
Frank Reich,2020,112,0.23214285714285715,0.45535714285714285,0.3125,0.008227265761627611,0.6607142857142857
Frank Reich,2021,118,0.23728813559322035,0.5,0.2627118644067797,0.004768745773289151,0.7372881355932204
Frank Reich,2022,69,0.13043478260869565,0.5942028985507246,0.2753623188405797,0.011787543261953977,0.6231884057971014
Frank Reich,2023,96,0.2604166666666667,0.5416666666666666,0.19791666666666666,0.006873748253822003,0.7708333333333334
Freddie Kitchens,2019,110,0.15454545454545454,0.5909090909090909,0.2545454545454545,0.006929913051580381,0.6363636363636364
Gary Kubiak,2006,109,0.10091743119266056,0.6880733944954128,0.21100917431192662,0.012121465237471157,0.6422018348623854
Gary Kubiak,2007,95,0.15789473684210525,0.5789473684210527,0.2631578947368421,0.009336550733748023,0.6105263157894737
Gary Kubiak,2008,102,0.20588235294117646,0.5196078431372549,0.27450980392156865,0.0067024415695592695,0.6764705882352942
Gary Kubiak,2009,108,0.1111111111111111,0.6203703703703703,0.26851851851851855,0.0088700606173224,0.7037037037037037
Gary Kubiak,2010,108,0.1574074074074074,0.5833333333333334,0.25925925925925924,0.006599879551728922,0.6388888888888888
Gary Kubiak,2011,134,0.08208955223880597,0.6194029850746269,0.29850746268656714,0.007871730294162587,0.7089552238805971
Gary Kubiak,2012,144,0.08333333333333333,0.6597222222222222,0.2569444444444444,0.009529736955190738,0.625
Gary Kubiak,2013,109,0.13761467889908258,0.6146788990825688,0.24770642201834864,0.006999762878725412,0.6788990825688074
Gary Kubiak,2015,165,0.09090909090909091,0.6545454545454545,0.2545454545454545,0.006813019877233002,0.7515151515151515
Gary Kubiak,2016,133,0.12030075187969924,0.6691729323308271,0.21052631578947367,0.00857623307414626,0.706766917293233
Gary Moeller,2000,74,0.12162162162162163,0.7162162162162162,0.16216216216216217,0.010031894581513325,0.5540540540540541
George Seifert,1999,108,0.14814814814814814,0.6018518518518519,0.25,0.009473922240919827,0.6759259259259259
George Seifert,2000,107,0.102803738317757,0.616822429906542,0.2803738317757009,0.007153853286676291,0.7383177570093458
George Seifert,2001,138,0.15217391304347827,0.6666666666666666,0.18115942028985507,0.007393497259770915,0.6884057971014492
Giff Smith,2023,29,0.1724137931034483,0.4482758620689655,0.3793103448275862,0.005769672550419407,0.7586206896551724
Greg Schiano,2012,126,0.1349206349206349,0.6111111111111112,0.25396825396825395,0.009631838194791445,0.626984126984127
Greg Schiano,2013,135,0.14814814814814814,0.6444444444444445,0.2074074074074074,0.006763452431134334,0.7185185185185186
Gregg Williams,2001,129,0.18604651162790697,0.6201550387596899,0.1937984496124031,0.008368676143699471,0.689922480620155
Gregg Williams,2002,107,0.09345794392523364,0.616822429906542,0.2897196261682243,0.008364183460510708,0.7102803738317757
Gregg Williams,2003,131,0.17557251908396945,0.6412213740458015,0.183206106870229,0.008164152992996476,0.6793893129770993
Gregg Williams,2018,40,0.175,0.65,0.175,0.007349353774811331,0.8
Gunther Cunningham,1999,138,0.07246376811594203,0.7536231884057971,0.17391304347826086,0.008708794203666772,0.717391304347826
Gunther Cunningham,2000,111,0.0990990990990991,0.6846846846846847,0.21621621621621623,0.010693698719217258,0.6036036036036037
Gus Bradley,2013,146,0.19863013698630136,0.6506849315068494,0.1506849315068493,0.006815056347516538,0.6643835616438356
Gus Bradley,2014,137,0.13138686131386862,0.6934306569343066,0.17518248175182483,0.009368717950108572,0.6277372262773723
Gus Bradley,2015,121,0.11570247933884298,0.6611570247933884,0.2231404958677686,0.006810405609059075,0.7355371900826446
Gus Bradley,2016,108,0.1388888888888889,0.6481481481481481,0.21296296296296297,0.01022387916286585,0.6203703703703703
Herm Edwards,2001,125,0.112,0.616,0.272,0.010402137007520625,0.624
Herm Edwards,2002,115,0.1391304347826087,0.5826086956521739,0.2782608695652174,0.009531613100137197,0.5826086956521739
Herm Edwards,2003,114,0.11403508771929824,0.631578947368421,0.2543859649122807,0.012948065310377701,0.5964912280701754
Herm Edwards,2004,126,0.05555555555555555,0.6984126984126984,0.24603174603174602,0.010841775034318683,0.6349206349206349
Herm Edwards,2005,120,0.15,0.625,0.225,0.011225406621713532,0.625
Herm Edwards,2006,122,0.13114754098360656,0.6229508196721312,0.2459016393442623,0.006434717612476895,0.7131147540983607
Herm Edwards,2007,139,0.12949640287769784,0.6762589928057554,0.19424460431654678,0.006422952483300144,0.6834532374100719
Herm Edwards,2008,118,0.15254237288135594,0.6779661016949152,0.1694915254237288,0.008619549404091308,0.635593220338983
Hue Jackson,2016,125,0.144,0.656,0.2,0.0066040191447785754,0.68
Hue Jackson,2017,121,0.18181818181818182,0.6776859504132231,0.14049586776859505,0.009232476709698262,0.6446280991735537
Hue Jackson,2018,80,0.125,0.7125,0.1625,0.006705230527943584,0.7125
Jack Del Rio,2003,125,0.192,0.552,0.256,0.008293810291285697,0.648
Jack Del Rio,2004,128,0.140625,0.640625,0.21875,0.011533654807233043,0.65625
Jack Del Rio,2005,134,0.1044776119402985,0.6567164179104478,0.23880597014925373,0.011298603383507135,0.6791044776119403
Jack Del Rio,2006,117,0.11965811965811966,0.6239316239316239,0.2564102564102564,0.010702099118673194,0.5897435897435898
Jack Del Rio,2007,119,0.2773109243697479,0.4957983193277311,0.226890756302521,0.008152137309495993,0.6554621848739496
Jack Del Rio,2008,113,0.21238938053097345,0.5929203539823009,0.19469026548672566,0.00939877880350695,0.6460176991150443
Jack Del Rio,2009,112,0.17857142857142858,0.6339285714285714,0.1875,0.006566226701403147,0.6964285714285714
Jack Del Rio,2010,109,0.22935779816513763,0.5229357798165137,0.24770642201834864,0.006743028213723535,0.6880733944954128
Jack Del Rio,2011,97,0.10309278350515463,0.711340206185567,0.18556701030927836,0.008557017215992368,0.711340206185567
Jason Garrett,2010,59,0.1694915254237288,0.559322033898305,0.2711864406779661,0.01044483089514367,0.6440677966101694
Jason Garrett,2011,112,0.08928571428571429,0.6339285714285714,0.2767857142857143,0.009894969523987416,0.625
Jason Garrett,2012,107,0.102803738317757,0.6448598130841121,0.2523364485981308,0.008817714346940177,0.6822429906542056
Jason Garrett,2013,111,0.05405405405405406,0.6936936936936937,0.25225225225225223,0.007952388654796094,0.6936936936936937
Jason Garrett,2014,99,0.08080808080808081,0.6363636363636364,0.2828282828282828,0.008402083888003271,0.7171717171717171
Jason Garrett,2015,114,0.14035087719298245,0.5964912280701754,0.2631578947368421,0.00833449131769556,0.6578947368421053
Jason Garrett,2016,101,0.0891089108910891,0.5841584158415841,0.32673267326732675,0.007771046989780684,0.693069306930693
Jason Garrett,2017,108,0.14814814814814814,0.6111111111111112,0.24074074074074073,0.010728511542990581,0.6666666666666666
Jason Garrett,2018,127,0.18110236220472442,0.5433070866141733,0.2755905511811024,0.006067980021951927,0.7637795275590551
Jason Garrett,2019,100,0.15,0.5,0.35,0.007920126935496272,0.68
Jay Gruden,2014,119,0.13445378151260504,0.6554621848739496,0.21008403361344538,0.008690231781311097,0.6890756302521008
Jay Gruden,2015,120,0.13333333333333333,0.6333333333333333,0.23333333333333334,0.008430169830881662,0.675
Jay Gruden,2016,99,0.12121212121212122,0.48484848484848486,0.3939393939393939,0.008836859517274536,0.6767676767676768
Jay Gruden,2017,125,0.12,0.664,0.216,0.007088195250922271,0.672
Jay Gruden,2018,123,0.14634146341463414,0.6422764227642277,0.21138211382113822,0.009786619388355197,0.6666666666666666
Jay Gruden,2019,37,0.21621621621621623,0.7027027027027027,0.08108108108108109,0.004785196554120874,0.6216216216216216
Jeff Fisher,1999,155,0.07741935483870968,0.7096774193548387,0.2129032258064516,0.010092882434614812,0.6451612903225806
Jeff Fisher,2000,125,0.104,0.64,0.256,0.010928832510028075,0.632
Jeff Fisher,2001,121,0.08264462809917356,0.7024793388429752,0.21487603305785125,0.01036306259636151,0.628099173553719
Jeff Fisher,2002,119,0.14285714285714285,0.6050420168067226,0.25210084033613445,0.011238138168744066,0.5966386554621849
Jeff Fisher,2003,126,0.11904761904761904,0.626984126984127,0.25396825396825395,0.008033521357523592,0.6825396825396826
Jeff Fisher,2004,128,0.2109375,0.609375,0.1796875,0.007913958729595988,0.6796875
Jeff Fisher,2005,131,0.22137404580152673,0.5877862595419847,0.19083969465648856,0.009000864323880477,0.5954198473282443
Jeff Fisher,2006,127,0.12598425196850394,0.6929133858267716,0.18110236220472442,0.008066217631135285,0.6771653543307087
Jeff Fisher,2007,122,0.08196721311475409,0.639344262295082,0.2786885245901639,0.008843664010625174,0.6639344262295082
Jeff Fisher,2008,132,0.07575757575757576,0.6893939393939394,0.23484848484848486,0.008916227856003905,0.6818181818181818
Jeff Fisher,2009,117,0.17094017094017094,0.5811965811965812,0.24786324786324787,0.007269724536929925,0.6837606837606838
Jeff Fisher,2010,113,0.12389380530973451,0.672566371681416,0.20353982300884957,0.009524669856473995,0.5929203539823009
Jeff Fisher,2016,137,0.1386861313868613,0.708029197080292,0.15328467153284672,0.008939130646975994,0.656934306569343
Jeff Saturday,2022,64,0.265625,0.453125,0.28125,0.009084562862266266,0.71875
Jerod Mayo,2024,124,0.1935483870967742,0.5645161290322581,0.24193548387096775,0.006570964683761705,0.6935483870967742
Jim Bates,2004,60,0.05,0.8,0.15,0.010507116104036658,0.7333333333333333
Jim Caldwell,2009,111,0.10810810810810811,0.6756756756756757,0.21621621621621623,0.007365960517082654,0.6756756756756757
Jim Caldwell,2010,109,0.07339449541284404,0.6697247706422018,0.25688073394495414,0.01010375007161281,0.6146788990825688
Jim Caldwell,2011,126,0.0873015873015873,0.7063492063492064,0.20634920634920634,0.008608234513211233,0.6349206349206349
Jim Caldwell,2014,129,0.15503875968992248,0.5581395348837209,0.2868217054263566,0.008964514298432789,0.6124031007751938
Jim Caldwell,2015,114,0.11403508771929824,0.7017543859649122,0.18421052631578946,0.00828007553810125,0.6578947368421053
Jim Caldwell,2016,113,0.10619469026548672,0.5929203539823009,0.3008849557522124,0.008064552265972337,0.7345132743362832
Jim Caldwell,2017,112,0.07142857142857142,0.6339285714285714,0.29464285714285715,0.009037648715038635,0.6696428571428571
Jim Fassel,1999,134,0.13432835820895522,0.6567164179104478,0.208955223880597,0.008822021970506374,0.6567164179104478
Jim Fassel,2000,145,0.11724137931034483,0.6758620689655173,0.20689655172413793,0.011133008635696714,0.5655172413793104
Jim Fassel,2001,132,0.09090909090909091,0.7121212121212122,0.19696969696969696,0.010899659656757557,0.6590909090909091
Jim Fassel,2002,116,0.09482758620689655,0.6206896551724138,0.28448275862068967,0.010203114246671108,0.6896551724137931
Jim Fassel,2003,129,0.13178294573643412,0.6976744186046512,0.17054263565891473,0.010390405367680969,0.5271317829457365
Jim Harbaugh,2011,163,0.0736196319018405,0.5950920245398773,0.3312883435582822,0.006942483402161852,0.7791411042944786
Jim Harbaugh,2012,130,0.09230769230769231,0.5846153846153846,0.3230769230769231,0.010429138794663706,0.5692307692307692
Jim Harbaugh,2013,142,0.09859154929577464,0.6197183098591549,0.28169014084507044,0.006753374552510521,0.7253521126760564
Jim Harbaugh,2014,115,0.14782608695652175,0.6260869565217392,0.22608695652173913,0.007395450360577535,0.7652173913043478
Jim Harbaugh,2024,131,0.11450381679389313,0.5877862595419847,0.29770992366412213,0.007958303537093966,0.6946564885496184
Jim Harbaugh,2025,127,0.18110236220472442,0.5118110236220472,0.30708661417322836,0.0070867243361681,0.7244094488188977
Jim Haslett,2000,128,0.140625,0.6484375,0.2109375,0.012776737154704083,0.6015625
Jim Haslett,2001,124,0.14516129032258066,0.6129032258064516,0.24193548387096775,0.010136118165291717,0.6129032258064516
Jim Haslett,2002,112,0.09821428571428571,0.6071428571428571,0.29464285714285715,0.005772743142574342,0.7410714285714286
Jim Haslett,2003,113,0.168141592920354,0.6283185840707964,0.20353982300884957,0.009550688812729611,0.6283185840707964
Jim Haslett,2004,125,0.136,0.672,0.192,0.008443827548629062,0.704
Jim Haslett,2005,112,0.10714285714285714,0.6339285714285714,0.25892857142857145,0.009422383508666676,0.6160714285714286
Jim Mora,1999,108,0.05555555555555555,0.6203703703703703,0.32407407407407407,0.009018486891988567,0.6851851851851852
Jim Mora,2000,105,0.09523809523809523,0.6571428571428571,0.24761904761904763,0.007247871397711688,0.6857142857142857
Jim Mora,2001,107,0.07476635514018691,0.6261682242990654,0.29906542056074764,0.012087194449597306,0.5607476635514018
Jim Mora,2004,123,0.17886178861788618,0.6666666666666666,0.15447154471544716,0.007956478754581846,0.6666666666666666
Jim Mora,2005,113,0.12389380530973451,0.6902654867256637,0.18584070796460178,0.01076512751791974,0.5309734513274337
Jim Mora,2006,129,0.15503875968992248,0.6046511627906976,0.24031007751937986,0.008844017354316482,0.6744186046511628
Jim Mora,2009,131,0.1450381679389313,0.6717557251908397,0.183206106870229,0.007739309504454381,0.648854961832061
Jim Schwartz,2009,126,0.1984126984126984,0.5873015873015873,0.21428571428571427,0.010110062550936747,0.626984126984127
Jim Schwartz,2010,129,0.11627906976744186,0.6821705426356589,0.20155038759689922,0.00946629726639496,0.6744186046511628
Jim Schwartz,2011,126,0.1111111111111111,0.6746031746031746,0.21428571428571427,0.006881973284414796,0.6904761904761905
Jim Schwartz,2012,120,0.11666666666666667,0.6166666666666667,0.26666666666666666,0.009874138903978763,0.7166666666666667
Jim Schwartz,2013,109,0.11926605504587157,0.6697247706422018,0.21100917431192662,0.010091398443705046,0.6697247706422018
Jim Tomsula,2015,136,0.13970588235294118,0.6691176470588235,0.19117647058823528,0.0060113853506655514,0.6691176470588235
Jim Zorn,2008,128,0.125,0.625,0.25,0.01077040826860947,0.609375
Jim Zorn,2009,117,0.17094017094017094,0.6324786324786325,0.19658119658119658,0.010345545277493573,0.5982905982905983
Jimmy Johnson,1999,158,0.10126582278481013,0.620253164556962,0.27848101265822783,0.010084344341270113,0.6708860759493671
Joe Gibbs,2004,139,0.07913669064748201,0.7410071942446043,0.17985611510791366,0.00921384636016778,0.5971223021582733
Joe Gibbs,2005,139,0.1079136690647482,0.7266187050359713,0.16546762589928057,0.008232005972722988,0.6834532374100719
Joe Gibbs,2006,121,0.10743801652892562,0.6611570247933884,0.23140495867768596,0.010599181277829857,0.6446280991735537
Joe Gibbs,2007,131,0.12213740458015267,0.6335877862595419,0.24427480916030533,0.009654527395900656,0.6870229007633588
Joe Judge,2020,118,0.1864406779661017,0.559322033898305,0.2542372881355932,0.0054383347099387904,0.7372881355932204
Joe Judge,2021,136,0.22058823529411764,0.5441176470588235,0.23529411764705882,0.009873771077791204,0.6544117647058824
Joe Philbin,2012,115,0.11304347826086956,0.6521739130434783,0.23478260869565218,0.011864963843990498,0.5739130434782609
Joe Philbin,2013,128,0.09375,0.65625,0.25,0.007917980563822102,0.703125
Joe Philbin,2014,113,0.168141592920354,0.5221238938053098,0.30973451327433627,0.006590749749341336,0.7079646017699115
Joe Philbin,2015,127,0.16535433070866143,0.7165354330708661,0.11811023622047244,0.008669037632433482,0.6062992125984252
Joe Philbin,2018,31,0.1935483870967742,0.6129032258064516,0.1935483870967742,0.009442624437628482,0.7096774193548387
Joe Vitt,2012,68,0.11764705882352941,0.7205882352941176,0.16176470588235295,0.0069386590963940635,0.6764705882352942
John Fox,2002,141,0.0851063829787234,0.7446808510638298,0.1702127659574468,0.011725347082033962,0.6737588652482269
John Fox,2003,155,0.07096774193548387,0.6580645161290323,0.2709677419354839,0.009658869308726468,0.6387096774193548
John Fox,2004,110,0.07272727272727272,0.7181818181818181,0.20909090909090908,0.009687231491713466,0.5818181818181818
John Fox,2005,131,0.04580152671755725,0.6641221374045801,0.2900763358778626,0.009887430792612128,0.648854961832061
John Fox,2006,130,0.06923076923076923,0.7692307692307693,0.16153846153846155,0.009464540423181164,0.6692307692307692
John Fox,2007,133,0.10526315789473684,0.6917293233082706,0.20300751879699247,0.010044568971488463,0.5864661654135338
John Fox,2008,115,0.0782608695652174,0.6782608695652174,0.24347826086956523,0.006352512353708015,0.7217391304347827
John Fox,2009,121,0.15702479338842976,0.628099173553719,0.21487603305785125,0.012629710458744156,0.6115702479338843
John Fox,2010,144,0.1527777777777778,0.6527777777777778,0.19444444444444445,0.008800151340833055,0.625
John Fox,2011,154,0.09740259740259741,0.7272727272727273,0.17532467532467533,0.007333582328434638,0.6948051948051948
John Fox,2012,110,0.05454545454545454,0.6545454545454545,0.2909090909090909,0.009718065028991025,0.6090909090909091
John Fox,2013,110,0.10909090909090909,0.6272727272727273,0.2636363636363636,0.007668851334930697,0.6545454545454545
John Fox,2014,117,0.11965811965811966,0.6239316239316239,0.2564102564102564,0.005905063550526398,0.717948717948718
John Fox,2015,117,0.07692307692307693,0.6239316239316239,0.29914529914529914,0.010214089776909492,0.6324786324786325
John Fox,2016,103,0.13592233009708737,0.6504854368932039,0.21359223300970873,0.008878003916702097,0.6601941747572816
John Fox,2017,122,0.13934426229508196,0.7049180327868853,0.1557377049180328,0.005129178588795776,0.7377049180327869
John Harbaugh,2008,153,0.0784313725490196,0.6797385620915033,0.24183006535947713,0.00869078368837001,0.6470588235294118
John Harbaugh,2009,126,0.10317460317460317,0.6587301587301587,0.23809523809523808,0.006695675319994973,0.7142857142857143
John Harbaugh,2010,129,0.06976744186046512,0.6744186046511628,0.2558139534883721,0.009612268222312117,0.6821705426356589
John Harbaugh,2011,132,0.06060606060606061,0.6439393939393939,0.29545454545454547,0.006542689340798785,0.6893939393939394
John Harbaugh,2012,151,0.09271523178807947,0.6887417218543046,0.2185430463576159,0.0056559042362275495,0.7152317880794702
John Harbaugh,2013,143,0.0979020979020979,0.6223776223776224,0.27972027972027974,0.00666808255878656,0.6783216783216783
John Harbaugh,2014,119,0.16806722689075632,0.5546218487394958,0.2773109243697479,0.008197169734578652,0.6890756302521008
John Harbaugh,2015,128,0.171875,0.578125,0.25,0.011070396657637227,0.6328125
John Harbaugh,2016,131,0.1297709923664122,0.6030534351145038,0.26717557251908397,0.008360981393292591,0.6793893129770993
John Harbaugh,2017,136,0.11764705882352941,0.625,0.25735294117647056,0.006453005195577385,0.7279411764705882
John Harbaugh,2018,125,0.184,0.528,0.288,0.009281608347591999,0.704
John Harbaugh,2019,94,0.24468085106382978,0.44680851063829785,0.30851063829787234,0.006526901648427152,0.7446808510638298
John Harbaugh,2020,106,0.16981132075471697,0.5566037735849056,0.27358490566037735,0.005494685311911799,0.6981132075471698
John Harbaugh,2021,129,0.20930232558139536,0.5503875968992248,0.24031007751937986,0.006586058684168491,0.7286821705426356
John Harbaugh,2022,119,0.15966386554621848,0.5042016806722689,0.33613445378151263,0.006812150329656592,0.7142857142857143
John Harbaugh,2023,126,0.12698412698412698,0.6031746031746031,0.2698412698412698,0.0063860080980248,0.7619047619047619
John Harbaugh,2024,99,0.12121212121212122,0.5959595959595959,0.2828282828282828,0.007547403572906809,0.696969696969697
John Harbaugh,2025,107,0.22429906542056074,0.4953271028037383,0.2803738317757009,0.004440462513418692,0.7757009345794392
Jon Gruden,2002,155,0.05161290322580645,0.6774193548387096,0.2709677419354839,0.009303804973020191,0.6193548387096774
Jon Gruden,2003,120,0.125,0.6833333333333333,0.19166666666666668,0.009122123021272832,0.6416666666666667
Jon Gruden,2004,110,0.05454545454545454,0.7363636363636363,0.20909090909090908,0.010457432644466752,0.6272727272727273
Jon Gruden,2005,129,0.06976744186046512,0.7364341085271318,0.1937984496124031,0.010041836899944836,0.627906976744186
Jon Gruden,2006,125,0.12,0.728,0.152,0.006195589467730717,0.648
Jon Gruden,2007,120,0.1,0.6583333333333333,0.24166666666666667,0.012438659226484548,0.6
Jon Gruden,2008,127,0.13385826771653545,0.6062992125984252,0.25984251968503935,0.007263299723940805,0.7165354330708661
Jon Gruden,2020,96,0.20833333333333334,0.4479166666666667,0.34375,0.007316750201582882,0.6979166666666666
Jon Gruden,2021,39,0.23076923076923078,0.5897435897435898,0.1794871794871795,0.006530355569250926,0.7692307692307693
Jonathan Gannon,2023,126,0.25396825396825395,0.5079365079365079,0.23809523809523808,0.003911797657453695,0.8015873015873016
Jonathan Gannon,2024,101,0.15841584158415842,0.5346534653465347,0.3069306930693069,0.009932218152947906,0.6336633663366337
Jonathan Gannon,2025,113,0.21238938053097345,0.5309734513274337,0.25663716814159293,0.00531408721992048,0.7256637168141593
Josh McDaniels,2009,127,0.14173228346456693,0.5984251968503937,0.25984251968503935,0.00935308465934123,0.6535433070866141
Josh McDaniels,2010,96,0.15625,0.6666666666666666,0.17708333333333334,0.010081274934263645,0.6041666666666666
Josh McDaniels,2022,115,0.20869565217391303,0.5043478260869565,0.28695652173913044,0.007782351644580982,0.7391304347826086
Josh McDaniels,2023,52,0.23076923076923078,0.5192307692307693,0.25,0.012405713880734259,0.6153846153846154
Kellen Moore,2025,127,0.25196850393700787,0.4566929133858268,0.29133858267716534,0.006802291108879309,0.7244094488188977
Ken Whisenhunt,2007,114,0.10526315789473684,0.6929824561403509,0.20175438596491227,0.009777893469367983,0.6403508771929824
Ken Whisenhunt,2008,126,0.1349206349206349,0.626984126984127,0.23809523809523808,0.007392548473053215,0.6349206349206349
Ken Whisenhunt,2009,120,0.08333333333333333,0.775,0.14166666666666666,0.008188960594616173,0.6416666666666667
Ken Whisenhunt,2010,138,0.13043478260869565,0.6811594202898551,0.18840579710144928,0.010515216878381977,0.5652173913043478
Ken Whisenhunt,2011,127,0.11023622047244094,0.7165354330708661,0.1732283464566929,0.005897697892431596,0.7401574803149606
Ken Whisenhunt,2012,159,0.1509433962264151,0.6918238993710691,0.15723270440251572,0.009930333968897934,0.610062893081761
Ken Whisenhunt,2014,127,0.13385826771653545,0.7007874015748031,0.16535433070866143,0.007968044969299006,0.6456692913385826
Ken Whisenhunt,2015,119,0.12605042016806722,0.7394957983193278,0.13445378151260504,0.012233393908697552,0.5714285714285714
Kevin O'Connell,2022,124,0.14516129032258066,0.6209677419354839,0.23387096774193547,0.00675773568318577,0.717741935483871
Kevin O'Connell,2023,114,0.21052631578947367,0.5263157894736842,0.2631578947368421,0.008227733937203696,0.7543859649122807
Kevin O'Connell,2024,116,0.13793103448275862,0.5172413793103449,0.3448275862068966,0.0059635053642875906,0.7155172413793104
Kevin O'Connell,2025,121,0.19834710743801653,0.5371900826446281,0.2644628099173554,0.006846878890199824,0.6942148760330579
Kevin Stefanski,2020,104,0.21153846153846154,0.5480769230769231,0.2403846153846154,0.004336305946946022,0.7596153846153846
Kevin Stefanski,2021,113,0.23008849557522124,0.584070796460177,0.18584070796460178,0.00657167632137703,0.7345132743362832
Kevin Stefanski,2022,131,0.3053435114503817,0.4580152671755725,0.2366412213740458,0.004940174557392555,0.7404580152671756
Kevin Stefanski,2023,159,0.18867924528301888,0.5911949685534591,0.22012578616352202,0.0050142620266069434,0.779874213836478
Kevin Stefanski,2024,156,0.2692307692307692,0.5641025641025641,0.16666666666666666,0.007247255183089066,0.6858974358974359
Kevin Stefanski,2025,143,0.1958041958041958,0.6293706293706294,0.17482517482517482,0.009227555498554744,0.6993006993006993
Kliff Kingsbury,2019,120,0.15,0.5833333333333334,0.26666666666666666,0.006982505994677543,0.6583333333333333
Kliff Kingsbury,2020,106,0.20754716981132076,0.5471698113207547,0.24528301886792453,0.004867864530150127,0.7452830188679245
Kliff Kingsbury,2021,115,0.24347826086956523,0.4956521739130435,0.2608695652173913,0.005348523621825795,0.7913043478260869
Kliff Kingsbury,2022,133,0.2857142857142857,0.5037593984962406,0.21052631578947367,0.007424276634421357,0.7593984962406015
Kyle Shanahan,2017,131,0.13740458015267176,0.5725190839694656,0.2900763358778626,0.008735529278954015,0.7175572519083969
Kyle Shanahan,2018,108,0.09259259259259259,0.6296296296296297,0.2777777777777778,0.009736322932435891,0.6944444444444444
Kyle Shanahan,2019,112,0.125,0.5357142857142857,0.3392857142857143,0.007050971496669847,0.7410714285714286
Kyle Shanahan,2020,101,0.13861386138613863,0.6534653465346535,0.2079207920792079,0.010180027151874915,0.6435643564356436
Kyle Shanahan,2021,122,0.16393442622950818,0.5901639344262295,0.2459016393442623,0.00855448249901306,0.6967213114754098
Kyle Shanahan,2022,125,0.144,0.56,0.296,0.009403824182200485,0.624
Kyle Shanahan,2023,107,0.12149532710280374,0.5794392523364486,0.29906542056074764,0.005415960141984161,0.7102803738317757
Kyle Shanahan,2024,104,0.15384615384615385,0.4519230769230769,0.3942307692307692,0.007635427255133017,0.6634615384615384
Kyle Shanahan,2025,104,0.23076923076923078,0.46153846153846156,0.3076923076923077,0.005542152556601703,0.7115384615384616
Leslie Frazier,2010,46,0.06521739130434782,0.8260869565217391,0.10869565217391304,0.01428222893685163,0.5652173913043478
Leslie Frazier,2011,122,0.14754098360655737,0.6311475409836066,0.22131147540983606,0.009095228922055696,0.639344262295082
Leslie Frazier,2012,123,0.0975609756097561,0.6178861788617886,0.2845528455284553,0.0074047640111680225,0.6260162601626016
Leslie Frazier,2013,120,0.14166666666666666,0.625,0.23333333333333334,0.008210639106246871,0.6666666666666666
Liam Coen,2025,117,0.21367521367521367,0.5299145299145299,0.2564102564102564,0.005606978186819089,0.7606837606837606
Lovie Smith,2004,151,0.11920529801324503,0.7284768211920529,0.152317880794702,0.008715720232089606,0.695364238410596
Lovie Smith,2005,152,0.1118421052631579,0.6907894736842105,0.19736842105263158,0.008965435495630697,0.6381578947368421
Lovie Smith,2006,150,0.11333333333333333,0.62,0.26666666666666666,0.009416843913091522,0.6333333333333333
Lovie Smith,2007,145,0.1103448275862069,0.6482758620689655,0.2413793103448276,0.00994134845490472,0.6344827586206897
Lovie Smith,2008,131,0.09923664122137404,0.7175572519083969,0.183206106870229,0.0108686525148295,0.6259541984732825
Lovie Smith,2009,118,0.13559322033898305,0.652542372881356,0.211864406779661,0.011875260982016475,0.6440677966101694
Lovie Smith,2010,134,0.08208955223880597,0.7089552238805971,0.208955223880597,0.008341486639336315,0.6791044776119403
Lovie Smith,2011,125,0.064,0.704,0.232,0.006345933231069676,0.728
Lovie Smith,2012,122,0.09836065573770492,0.6557377049180327,0.2459016393442623,0.00911829061658194,0.639344262295082
Lovie Smith,2014,114,0.10526315789473684,0.6929824561403509,0.20175438596491227,0.010258321625651833,0.6666666666666666
Lovie Smith,2015,105,0.11428571428571428,0.5333333333333333,0.3523809523809524,0.008255066426746388,0.6857142857142857
Lovie Smith,2022,141,0.1702127659574468,0.624113475177305,0.20567375886524822,0.008643431619805877,0.6879432624113475
Marc Trestman,2013,102,0.11764705882352941,0.6764705882352942,0.20588235294117646,0.008638898154628443,0.6470588235294118
Marc Trestman,2014,116,0.2413793103448276,0.6206896551724138,0.13793103448275862,0.009356046658547348,0.6637931034482759
Marty Mornhinweg,2001,126,0.19047619047619047,0.5873015873015873,0.2222222222222222,0.009604074198780016,0.6349206349206349
Marty Mornhinweg,2002,135,0.14074074074074075,0.6666666666666666,0.1925925925925926,0.010938912774174393,0.6148148148148148
Marty Schottenheimer,2001,133,0.09774436090225563,0.6766917293233082,0.22556390977443608,0.008847818172852278,0.6466165413533834
Marvin Lewis,2003,111,0.09009009009009009,0.6936936936936937,0.21621621621621623,0.010003985830242436,0.6396396396396397
Marvin Lewis,2004,121,0.09917355371900827,0.6776859504132231,0.2231404958677686,0.01118534246459126,0.6033057851239669
Marvin Lewis,2005,105,0.09523809523809523,0.6095238095238096,0.29523809523809524,0.004924098917222333,0.7428571428571429
Marvin Lewis,2006,113,0.07079646017699115,0.6814159292035398,0.24778761061946902,0.00898206086664004,0.6460176991150443
Marvin Lewis,2007,104,0.11538461538461539,0.5673076923076923,0.3173076923076923,0.010683838170421556,0.5961538461538461
Marvin Lewis,2008,138,0.09420289855072464,0.7318840579710145,0.17391304347826086,0.007370727034609174,0.6811594202898551
Marvin Lewis,2009,127,0.11023622047244094,0.6929133858267716,0.1968503937007874,0.007187734731517974,0.7086614173228346
Marvin Lewis,2010,120,0.15833333333333333,0.6,0.24166666666666667,0.009858807766689784,0.6416666666666667
Marvin Lewis,2011,140,0.07857142857142857,0.6642857142857143,0.2571428571428571,0.008531512555456542,0.6857142857142857
Marvin Lewis,2012,128,0.1171875,0.625,0.2578125,0.008888879952161994,0.6328125
Marvin Lewis,2013,119,0.19327731092436976,0.6302521008403361,0.17647058823529413,0.010808116338068358,0.6554621848739496
Marvin Lewis,2014,125,0.104,0.64,0.256,0.007513313745069922,0.648
Marvin Lewis,2015,115,0.10434782608695652,0.6521739130434783,0.24347826086956523,0.007540197234739589,0.7130434782608696
Marvin Lewis,2016,118,0.07627118644067797,0.6610169491525424,0.2627118644067797,0.006288892680667486,0.6949152542372882
Marvin Lewis,2017,119,0.10084033613445378,0.7478991596638656,0.15126050420168066,0.008660726690790583,0.6890756302521008
Marvin Lewis,2018,110,0.15454545454545454,0.6454545454545455,0.2,0.009990152252607905,0.6818181818181818
Matt Eberflus,2022,117,0.21367521367521367,0.5641025641025641,0.2222222222222222,0.009167454031035546,0.6923076923076923
Matt Eberflus,2023,129,0.1937984496124031,0.5193798449612403,0.2868217054263566,0.008712672439273678,0.6744186046511628
Matt Eberflus,2024,140,0.2571428571428571,0.5857142857142857,0.15714285714285714,0.006851121265467052,0.7357142857142858
Matt LaFleur,2019,123,0.12195121951219512,0.6910569105691057,0.18699186991869918,0.006470553089629402,0.7398373983739838
Matt LaFleur,2020,91,0.21978021978021978,0.5714285714285714,0.2087912087912088,0.005013525847707626,0.7252747252747253
Matt LaFleur,2021,111,0.1891891891891892,0.5315315315315315,0.27927927927927926,0.006824932914361163,0.7297297297297297
Matt LaFleur,2022,108,0.2777777777777778,0.49074074074074076,0.23148148148148148,0.0039298928805442885,0.7592592592592593
Matt LaFleur,2023,119,0.2184873949579832,0.5126050420168067,0.2689075630252101,0.007744567796997266,0.7394957983193278
Matt LaFleur,2024,111,0.15315315315315314,0.5225225225225225,0.32432432432432434,0.005356087858462953,0.7027027027027027
Matt LaFleur,2025,105,0.22857142857142856,0.49523809523809526,0.2761904761904762,0.003765255045127096,0.7714285714285715
Matt Nagy,2018,113,0.11504424778761062,0.6106194690265486,0.2743362831858407,0.0068968015856555615,0.7168141592920354
Matt Nagy,2019,128,0.1640625,0.6328125,0.203125,0.007788454141114518,0.6796875
Matt Nagy,2020,128,0.2109375,0.5546875,0.234375,0.00833641684600099,0.6328125
Matt Nagy,2021,125,0.288,0.496,0.216,0.007479987838916877,0.624
Matt Patricia,2018,124,0.14516129032258066,0.5967741935483871,0.25806451612903225,0.009510886404717991,0.6129032258064516
Matt Patricia,2019,118,0.1016949152542373,0.6440677966101694,0.2542372881355932,0.009658408551742756,0.635593220338983
Matt Patricia,2020,76,0.19736842105263158,0.5526315789473685,0.25,0.007334677060472032,0.7105263157894737
Matt Rhule,2020,102,0.2549019607843137,0.43137254901960786,0.3137254901960784,0.009482358250401376,0.6470588235294118
Matt Rhule,2021,135,0.24444444444444444,0.5555555555555556,0.2,0.005463766071332726,0.7481481481481481
Matt Rhule,2022,44,0.22727272727272727,0.5227272727272727,0.25,0.008560636480312732,0.7045454545454546
Mel Tucker,2011,41,0.14634146341463414,0.7317073170731707,0.12195121951219512,0.004504634645742764,0.5609756097560976
Mike Ditka,1999,129,0.16279069767441862,0.6356589147286822,0.20155038759689922,0.007687588411200407,0.6666666666666666
Mike Holmgren,1999,136,0.058823529411764705,0.6544117647058824,0.2867647058823529,0.009357013111723813,0.6691176470588235
Mike Holmgren,2000,111,0.11711711711711711,0.6756756756756757,0.2072072072072072,0.009905555708643408,0.5945945945945946
Mike Holmgren,2001,128,0.125,0.671875,0.203125,0.008786429041838163,0.6875
Mike Holmgren,2002,103,0.17475728155339806,0.5825242718446602,0.24271844660194175,0.009727278865614558,0.6116504854368932
Mike Holmgren,2003,112,0.0625,0.6607142857142857,0.2767857142857143,0.008168302646233134,0.6964285714285714
Mike Holmgren,2004,122,0.10655737704918032,0.6721311475409836,0.22131147540983606,0.011085740269315492,0.5983606557377049
Mike Holmgren,2005,135,0.08148148148148149,0.7111111111111111,0.2074074074074074,0.008447313882442114,0.6592592592592592
Mike Holmgren,2006,140,0.09285714285714286,0.6785714285714286,0.22857142857142856,0.010435919366666642,0.6357142857142857
Mike Holmgren,2007,146,0.10273972602739725,0.6643835616438356,0.2328767123287671,0.0095860522805595,0.6575342465753424
Mike Holmgren,2008,125,0.096,0.712,0.192,0.011587119083393372,0.608
Mike Macdonald,2024,119,0.14285714285714285,0.6386554621848739,0.2184873949579832,0.007801790257657053,0.680672268907563
Mike Macdonald,2025,127,0.07874015748031496,0.5275590551181102,0.3937007874015748,0.006005813113820968,0.7165354330708661
Mike McCarthy,2006,136,0.125,0.6176470588235294,0.25735294117647056,0.006866358642826695,0.7132352941176471
Mike McCarthy,2007,115,0.08695652173913043,0.6173913043478261,0.2956521739130435,0.007828960927833525,0.7043478260869566
Mike McCarthy,2008,111,0.14414414414414414,0.5855855855855856,0.2702702702702703,0.009366919028017607,0.6936936936936937
Mike McCarthy,2009,112,0.09821428571428571,0.6071428571428571,0.29464285714285715,0.007169292523959118,0.7142857142857143
Mike McCarthy,2010,129,0.10077519379844961,0.6666666666666666,0.23255813953488372,0.010054110515017612,0.689922480620155
Mike McCarthy,2011,91,0.08791208791208792,0.6263736263736264,0.2857142857142857,0.008375271241069444,0.7362637362637363
Mike McCarthy,2012,126,0.1111111111111111,0.6507936507936508,0.23809523809523808,0.009150667772451427,0.6428571428571429
Mike McCarthy,2013,116,0.09482758620689655,0.5862068965517241,0.31896551724137934,0.008107990648875742,0.6637931034482759
Mike McCarthy,2014,106,0.08490566037735849,0.5471698113207547,0.36792452830188677,0.00923250619816879,0.660377358490566
Mike McCarthy,2015,142,0.16901408450704225,0.6267605633802817,0.20422535211267606,0.007790794071523809,0.6408450704225352
Mike McCarthy,2016,116,0.16379310344827586,0.5775862068965517,0.25862068965517243,0.007451701231370298,0.7241379310344828
Mike McCarthy,2017,114,0.24561403508771928,0.6052631578947368,0.14912280701754385,0.007844816097735064,0.7017543859649122
Mike McCarthy,2018,89,0.1348314606741573,0.5955056179775281,0.2696629213483146,0.006686446613360882,0.6966292134831461
Mike McCarthy,2020,113,0.24778761061946902,0.4336283185840708,0.3185840707964602,0.005240774186624338,0.7787610619469026
Mike McCarthy,2021,129,0.20155038759689922,0.5426356589147286,0.2558139534883721,0.004655353508712861,0.7596899224806202
Mike McCarthy,2022,126,0.15873015873015872,0.6031746031746031,0.23809523809523808,0.008234983436046128,0.6984126984126984
Mike McCarthy,2023,107,0.2336448598130841,0.42990654205607476,0.3364485981308411,0.006671246848822768,0.7850467289719626
Mike McCarthy,2024,127,0.1889763779527559,0.4881889763779528,0.3228346456692913,0.0046112130097956516,0.7559055118110236
Mike McDaniel,2022,122,0.18032786885245902,0.5409836065573771,0.2786885245901639,0.005753885709323115,0.7622950819672131
Mike McDaniel,2023,112,0.25892857142857145,0.5089285714285714,0.23214285714285715,0.006707313868232743,0.7410714285714286
Mike McDaniel,2024,123,0.24390243902439024,0.4634146341463415,0.2926829268292683,0.008003200962831303,0.6910569105691057
Mike McDaniel,2025,108,0.17592592592592593,0.5740740740740741,0.25,0.005939655004166395,0.7037037037037037
Mike Mularkey,2004,124,0.16129032258064516,0.6290322580645161,0.20967741935483872,0.009980588633113735,0.5967741935483871
Mike Mularkey,2005,119,0.12605042016806722,0.5966386554621849,0.2773109243697479,0.005442866958609297,0.7226890756302521
Mike Mularkey,2012,141,0.1702127659574468,0.6382978723404256,0.19148936170212766,0.010215727689856907,0.6099290780141844
Mike Mularkey,2016,109,0.10091743119266056,0.7064220183486238,0.1926605504587156,0.009197070379037768,0.6238532110091743
Mike Mularkey,2017,135,0.08888888888888889,0.6296296296296297,0.2814814814814815,0.006798468081177628,0.725925925925926
Mike Munchak,2011,129,0.10852713178294573,0.6666666666666666,0.2248062015503876,0.008667744747541036,0.6356589147286822
Mike Munchak,2012,126,0.1111111111111111,0.6587301587301587,0.23015873015873015,0.0063438428772182,0.6904761904761905
Mike Munchak,2013,123,0.13821138211382114,0.6422764227642277,0.21951219512195122,0.00940965817844504,0.6666666666666666
Mike Nolan,2005,140,0.05714285714285714,0.7642857142857142,0.17857142857142858,0.009148311354177286,0.6642857142857143
Mike Nolan,2006,123,0.0975609756097561,0.6422764227642277,0.2601626016260163,0.009030080893233554,0.6097560975609756
Mike Nolan,2007,137,0.10948905109489052,0.7664233576642335,0.12408759124087591,0.013152002361093188,0.583941605839416
Mike Nolan,2008,48,0.125,0.5416666666666666,0.3333333333333333,0.005146566210918537,0.7083333333333334
Mike Pettine,2014,133,0.09022556390977443,0.6992481203007519,0.21052631578947367,0.008024547778156976,0.6917293233082706
Mike Pettine,2015,119,0.19327731092436976,0.5882352941176471,0.2184873949579832,0.009445401473087235,0.680672268907563
Mike Shanahan,1999,127,0.08661417322834646,0.6535433070866141,0.25984251968503935,0.008908529680307909,0.6692913385826772
Mike Shanahan,2000,122,0.1557377049180328,0.5737704918032787,0.27049180327868855,0.008384409778932997,0.6721311475409836
Mike Shanahan,2001,125,0.08,0.648,0.272,0.007348426286303359,0.664
Mike Shanahan,2002,105,0.19047619047619047,0.5142857142857142,0.29523809523809524,0.005750432172456577,0.6571428571428571
Mike Shanahan,2003,115,0.13043478260869565,0.6086956521739131,0.2608695652173913,0.00728833867355388,0.6608695652173913
Mike Shanahan,2004,121,0.12396694214876033,0.6033057851239669,0.2727272727272727,0.01085869364168222,0.6198347107438017
Mike Shanahan,2005,134,0.15671641791044777,0.6044776119402985,0.23880597014925373,0.00613620664891161,0.7238805970149254
Mike Shanahan,2006,120,0.1,0.6666666666666666,0.23333333333333334,0.00811446691037785,0.7166666666666667
Mike Shanahan,2007,104,0.19230769230769232,0.5576923076923077,0.25,0.006811352163001385,0.75
Mike Shanahan,2008,87,0.11494252873563218,0.5172413793103449,0.367816091954023,0.00921314863375375,0.6206896551724138
Mike Shanahan,2010,135,0.08148148148148149,0.6962962962962963,0.2222222222222222,0.007086251583943445,0.7037037037037037
Mike Shanahan,2011,117,0.1111111111111111,0.5555555555555556,0.3333333333333333,0.007931045085855648,0.7094017094017094
Mike Shanahan,2012,117,0.1623931623931624,0.6239316239316239,0.21367521367521367,0.008168977571035763,0.7435897435897436
Mike Shanahan,2013,126,0.14285714285714285,0.6746031746031746,0.18253968253968253,0.010251677708501663,0.6507936507936508
Mike Sherman,2000,124,0.08870967741935484,0.6370967741935484,0.27419354838709675,0.006699514645374159,0.6935483870967742
Mike Sherman,2001,126,0.05555555555555555,0.6984126984126984,0.24603174603174602,0.008442019052200038,0.6666666666666666
Mike Sherman,2002,129,0.12403100775193798,0.6124031007751938,0.26356589147286824,0.01187935569218976,0.5581395348837209
Mike Sherman,2003,122,0.08196721311475409,0.680327868852459,0.23770491803278687,0.010930121647127526,0.639344262295082
Mike Sherman,2004,105,0.13333333333333333,0.6571428571428571,0.20952380952380953,0.009458572142109057,0.5904761904761905
Mike Sherman,2005,115,0.16521739130434782,0.6,0.23478260869565218,0.007901777494191202,0.6434782608695652
Mike Singletary,2008,60,0.08333333333333333,0.6666666666666666,0.25,0.005087628668510263,0.6833333333333333
Mike Singletary,2009,143,0.14685314685314685,0.6853146853146853,0.16783216783216784,0.006949005417313125,0.7552447552447552
Mike Singletary,2010,122,0.13114754098360656,0.680327868852459,0.1885245901639344,0.009309598557504281,0.6557377049180327
Mike Smith,2008,113,0.12389380530973451,0.6106194690265486,0.26548672566371684,0.008407753082381795,0.6814159292035398
Mike Smith,2009,113,0.20353982300884957,0.5575221238938053,0.23893805309734514,0.00901088392570467,0.6283185840707964
Mike Smith,2010,121,0.12396694214876033,0.6363636363636364,0.2396694214876033,0.006181889323718481,0.7107438016528925
Mike Smith,2011,120,0.11666666666666667,0.65,0.23333333333333334,0.0066139863738717275,0.65
Mike Smith,2012,111,0.08108108108108109,0.5945945945945946,0.32432432432432434,0.007189836851229172,0.7297297297297297
Mike Smith,2013,106,0.11320754716981132,0.6509433962264151,0.2358490566037736,0.00903284290963214,0.6981132075471698
Mike Smith,2014,108,0.14814814814814814,0.6111111111111112,0.24074074074074073,0.011197134220188355,0.6018518518518519
Mike Tice,2002,105,0.1523809523809524,0.6,0.24761904761904763,0.007465206200283358,0.6857142857142857
Mike Tice,2003,103,0.1650485436893204,0.6213592233009708,0.21359223300970873,0.009175325022701436,0.6504854368932039
Mike Tice,2004,104,0.16346153846153846,0.625,0.21153846153846154,0.00640046000613205,0.7019230769230769
Mike Tice,2005,119,0.07563025210084033,0.6554621848739496,0.2689075630252101,0.009853015105438085,0.6302521008403361
Mike Tomlin,2007,110,0.12727272727272726,0.6454545454545455,0.22727272727272727,0.00850149765480866,0.6272727272727273
Mike Tomlin,2008,136,0.08088235294117647,0.6764705882352942,0.2426470588235294,0.009714560494369156,0.6323529411764706
Mike Tomlin,2009,111,0.0990990990990991,0.6396396396396397,0.26126126126126126,0.008511881456010242,0.7207207207207207
Mike Tomlin,2010,128,0.0625,0.6328125,0.3046875,0.007811808403953835,0.6953125
Mike Tomlin,2011,104,0.07692307692307693,0.6153846153846154,0.3076923076923077,0.009079853830837682,0.7115384615384616
Mike Tomlin,2012,117,0.10256410256410256,0.6581196581196581,0.23931623931623933,0.00914293675469359,0.7094017094017094
Mike Tomlin,2013,120,0.11666666666666667,0.6333333333333333,0.25,0.008135838247432074,0.6583333333333333
Mike Tomlin,2014,107,0.102803738317757,0.5981308411214953,0.29906542056074764,0.008855288383549384,0.6448598130841121
Mike Tomlin,2015,129,0.11627906976744186,0.5581395348837209,0.32558139534883723,0.010914497440549337,0.6201550387596899
Mike Tomlin,2016,126,0.12698412698412698,0.6031746031746031,0.2698412698412698,0.008822265349341833,0.6666666666666666
Mike Tomlin,2017,109,0.11009174311926606,0.6055045871559633,0.28440366972477066,0.007674153699510982,0.6422018348623854
Mike Tomlin,2018,98,0.12244897959183673,0.6530612244897959,0.22448979591836735,0.0057532222643415214,0.7653061224489796
Mike Tomlin,2019,114,0.11403508771929824,0.631578947368421,0.2543859649122807,0.007159215804180053,0.7017543859649122
Mike Tomlin,2020,124,0.1693548387096774,0.6370967741935484,0.1935483870967742,0.010146437097975716,0.6774193548387096
Mike Tomlin,2021,140,0.14285714285714285,0.5928571428571429,0.2642857142857143,0.010994202498828818,0.6285714285714286
Mike Tomlin,2022,123,0.12195121951219512,0.5528455284552846,0.3252032520325203,0.009577406226316696,0.6829268292682927
Mike Tomlin,2023,142,0.1267605633802817,0.6549295774647887,0.21830985915492956,0.008275173790536862,0.6901408450704225
Mike Tomlin,2024,128,0.1328125,0.5625,0.3046875,0.007284832524081899,0.7265625
Mike Tomlin,2025,124,0.20161290322580644,0.5483870967741935,0.25,0.008118415116892676,0.7096774193548387
Mike Vrabel,2018,112,0.08928571428571429,0.6696428571428571,0.24107142857142858,0.008940244772023789,0.6339285714285714
Mike Vrabel,2019,124,0.12096774193548387,0.75,0.12903225806451613,0.007968658337656783,0.7258064516129032
Mike Vrabel,2020,95,0.15789473684210525,0.5684210526315789,0.2736842105263158,0.00836120472707328,0.6842105263157895
Mike Vrabel,2021,116,0.1896551724137931,0.5344827586206896,0.27586206896551724,0.004608904819136587,0.7844827586206896
Mike Vrabel,2022,124,0.10483870967741936,0.7258064516129032,0.1693548387096774,0.009078531823620548,0.7338709677419355
Mike Vrabel,2023,125,0.152,0.64,0.208,0.005707863865412557,0.768
Mike Vrabel,2025,132,0.18181818181818182,0.5909090909090909,0.22727272727272727,0.007244226164753348,0.7045454545454546
Mike Zimmer,2014,115,0.10434782608695652,0.6434782608695652,0.25217391304347825,0.009307999568050786,0.6086956521739131
Mike Zimmer,2015,121,0.09090909090909091,0.5867768595041323,0.32231404958677684,0.01314455799899213,0.5867768595041323
Mike Zimmer,2016,121,0.14049586776859505,0.6115702479338843,0.24793388429752067,0.009929483840647143,0.6528925619834711
Mike Zimmer,2017,126,0.07142857142857142,0.6190476190476191,0.30952380952380953,0.01053046924498175,0.6190476190476191
Mike Zimmer,2018,120,0.16666666666666666,0.6083333333333333,0.225,0.007002378636636514,0.7
Mike Zimmer,2019,119,0.12605042016806722,0.6218487394957983,0.25210084033613445,0.0077794239425783285,0.6554621848739496
Mike Zimmer,2020,98,0.22448979591836735,0.5714285714285714,0.20408163265306123,0.00549285775047674,0.7040816326530612
Mike Zimmer,2021,128,0.15625,0.609375,0.234375,0.008177738337711639,0.734375
Nathaniel Hackett,2022,135,0.14074074074074075,0.6370370370370371,0.2222222222222222,0.008003852414937195,0.7481481481481481
Nick Saban,2005,131,0.11450381679389313,0.6717557251908397,0.21374045801526717,0.007922693886877361,0.648854961832061
Nick Saban,2006,135,0.1037037037037037,0.6296296296296297,0.26666666666666666,0.009760061884753812,0.6296296296296297
Nick Sirianni,2021,120,0.225,0.5083333333333333,0.26666666666666666,0.008993878293778918,0.6583333333333333
Nick Sirianni,2022,125,0.272,0.52,0.208,0.004028056221127631,0.8
Nick Sirianni,2023,107,0.205607476635514,0.5233644859813084,0.27102803738317754,0.004400989384244605,0.794392523364486
Nick Sirianni,2024,142,0.20422535211267606,0.4788732394366197,0.31690140845070425,0.006755749317932491,0.7253521126760564
Nick Sirianni,2025,123,0.17073170731707318,0.6178861788617886,0.21138211382113822,0.003215623901959307,0.8373983739837398
Norv Turner,1999,136,0.13970588235294118,0.6102941176470589,0.25,0.008003132251855309,0.6764705882352942
Norv Turner,2000,21,0.19047619047619047,0.6666666666666666,0.14285714285714285,0.013954605079034791,0.6666666666666666
Pat Shurmur,2011,132,0.13636363636363635,0.6590909090909091,0.20454545454545456,0.01234010627026669,0.5833333333333334
Pat Shurmur,2012,131,0.09923664122137404,0.6717557251908397,0.22900763358778625,0.008380559555229075,0.6412213740458015
Pat Shurmur,2018,119,0.15966386554621848,0.5966386554621849,0.24369747899159663,0.007914015558619947,0.7058823529411765
Pat Shurmur,2019,117,0.2564102564102564,0.6068376068376068,0.13675213675213677,0.00949045933392576,0.6581196581196581
Perry Fewell,2009,54,0.09259259259259259,0.6296296296296297,0.2777777777777778,0.010986555889635067,0.5740740740740741
Pete Carroll,1999,129,0.08527131782945736,0.689922480620155,0.2248062015503876,0.010734731051536989,0.5968992248062015
Pete Carroll,2010,137,0.12408759124087591,0.6423357664233577,0.23357664233576642,0.008518038140358737,0.6131386861313869
Pete Carroll,2011,138,0.10869565217391304,0.6811594202898551,0.21014492753623187,0.008807778126620404,0.6594202898550725
Pete Carroll,2012,119,0.15966386554621848,0.5966386554621849,0.24369747899159663,0.009028666136807249,0.6722689075630253
Pete Carroll,2013,140,0.11428571428571428,0.6071428571428571,0.2785714285714286,0.008623966226533048,0.7071428571428572
Pete Carroll,2014,127,0.09448818897637795,0.6062992125984252,0.2992125984251969,0.008186576327979147,0.6220472440944882
Pete Carroll,2015,119,0.11764705882352941,0.6386554621848739,0.24369747899159663,0.009864238900675419,0.6050420168067226
Pete Carroll,2016,126,0.0873015873015873,0.6111111111111112,0.30158730158730157,0.006855544367487251,0.7063492063492064
Pete Carroll,2017,123,0.07317073170731707,0.7317073170731707,0.1951219512195122,0.008622315579240408,0.6829268292682927
Pete Carroll,2018,127,0.11811023622047244,0.6771653543307087,0.2047244094488189,0.007555862223552969,0.7874015748031497
Pete Carroll,2019,124,0.11290322580645161,0.6532258064516129,0.23387096774193547,0.008106046156702042,0.6774193548387096
Pete Carroll,2020,108,0.1388888888888889,0.6388888888888888,0.2222222222222222,0.010098355637743443,0.6388888888888888
Pete Carroll,2021,114,0.08771929824561403,0.7280701754385965,0.18421052631578946,0.00837945426306081,0.6929824561403509
Pete Carroll,2022,125,0.168,0.56,0.272,0.005483662642522497,0.72
Pete Carroll,2023,119,0.13445378151260504,0.5546218487394958,0.31092436974789917,0.006873276630484064,0.7478991596638656
Pete Carroll,2025,126,0.23809523809523808,0.5793650793650794,0.18253968253968253,0.007780496925078935,0.6666666666666666
Raheem Morris,2009,131,0.16030534351145037,0.6641221374045801,0.17557251908396945,0.008417208529356436,0.5877862595419847
Raheem Morris,2010,113,0.11504424778761062,0.6637168141592921,0.22123893805309736,0.00947834021926906,0.6460176991150443
Raheem Morris,2011,113,0.17699115044247787,0.584070796460177,0.23893805309734514,0.007919561098294291,0.6548672566371682
Raheem Morris,2020,75,0.17333333333333334,0.5066666666666667,0.32,0.005758160566070674,0.7333333333333333
Raheem Morris,2024,114,0.2543859649122807,0.41228070175438597,0.3333333333333333,0.010698401405401604,0.6929824561403509
Raheem Morris,2025,128,0.21875,0.4921875,0.2890625,0.008785856794571875,0.6875
Ray Rhodes,1999,117,0.06837606837606838,0.6837606837606838,0.24786324786324787,0.012272380466687962,0.5897435897435898
Rex Ryan,2009,153,0.11764705882352941,0.6470588235294118,0.23529411764705882,0.010142579395531742,0.6666666666666666
Rex Ryan,2010,149,0.10738255033557047,0.6577181208053692,0.2348993288590604,0.011701696266958432,0.6308724832214765
Rex Ryan,2011,125,0.088,0.72,0.192,0.00978777822044277,0.624
Rex Ryan,2012,124,0.11290322580645161,0.6854838709677419,0.20161290322580644,0.009637116680430885,0.6532258064516129
Rex Ryan,2013,128,0.0625,0.6953125,0.2421875,0.007475944956082104,0.703125
Rex Ryan,2014,129,0.11627906976744186,0.5968992248062015,0.2868217054263566,0.009062226684134615,0.6511627906976745
Rex Ryan,2015,122,0.12295081967213115,0.6721311475409836,0.20491803278688525,0.007760420120498115,0.6885245901639344
Rex Ryan,2016,104,0.1346153846153846,0.6538461538461539,0.21153846153846154,0.005537088384404734,0.7884615384615384
Rich Bisaccia,2021,86,0.13953488372093023,0.5,0.36046511627906974,0.009675512590718997,0.6046511627906976
Rob Chudzinski,2013,139,0.20863309352517986,0.6187050359712231,0.17266187050359713,0.007765816145568211,0.7122302158273381
Robert Saleh,2021,119,0.2184873949579832,0.5882352941176471,0.19327731092436976,0.006767709438884012,0.7142857142857143
Robert Saleh,2022,140,0.18571428571428572,0.5928571428571429,0.22142857142857142,0.009587410009848961,0.7214285714285714
Robert Saleh,2023,163,0.17177914110429449,0.6073619631901841,0.22085889570552147,0.009371034915417303,0.7055214723926381
Robert Saleh,2024,112,0.1875,0.5625,0.25,0.006057315047135583,0.7678571428571429
Rod Marinelli,2006,119,0.17647058823529413,0.5462184873949579,0.2773109243697479,0.00969397716564921,0.6470588235294118
Rod Marinelli,2007,110,0.09090909090909091,0.6090909090909091,0.3,0.00938142447518147,0.6272727272727273
Rod Marinelli,2008,131,0.15267175572519084,0.6870229007633588,0.16030534351145037,0.00907472598937548,0.6183206106870229
Romeo Crennel,2005,123,0.13821138211382114,0.6422764227642277,0.21951219512195122,0.010441434725901639,0.6260162601626016
Romeo Crennel,2006,121,0.11570247933884298,0.6776859504132231,0.2066115702479339,0.010156646512214946,0.5702479338842975
Romeo Crennel,2007,108,0.1388888888888889,0.6388888888888888,0.2222222222222222,0.010605292521114128,0.6666666666666666
Romeo Crennel,2008,124,0.11290322580645161,0.6048387096774194,0.28225806451612906,0.010278808430771433,0.5887096774193549
Romeo Crennel,2011,23,0.08695652173913043,0.5652173913043478,0.34782608695652173,0.008451060379468793,0.6956521739130435
Romeo Crennel,2012,126,0.11904761904761904,0.6507936507936508,0.23015873015873015,0.011498151748449956,0.5079365079365079
Romeo Crennel,2020,71,0.14084507042253522,0.5492957746478874,0.30985915492957744,0.00890534931255141,0.676056338028169
Ron Rivera,2011,101,0.09900990099009901,0.6534653465346535,0.24752475247524752,0.005882717619935385,0.7128712871287128
Ron Rivera,2012,106,0.07547169811320754,0.7264150943396226,0.19811320754716982,0.0064106029088866505,0.7264150943396226
Ron Rivera,2013,110,0.12727272727272726,0.6454545454545455,0.22727272727272727,0.010687119066744487,0.7090909090909091
Ron Rivera,2014,128,0.0859375,0.640625,0.2734375,0.008408004014641592,0.6171875
Ron Rivera,2015,132,0.07575757575757576,0.6363636363636364,0.2878787878787879,0.005837559966229951,0.7727272727272727
Ron Rivera,2016,128,0.1328125,0.59375,0.2734375,0.008517755101247738,0.6328125
Ron Rivera,2017,118,0.1016949152542373,0.6271186440677966,0.2711864406779661,0.00880173728806635,0.6779661016949152
Ron Rivera,2018,96,0.17708333333333334,0.6354166666666666,0.1875,0.006141659079304682,0.7083333333333334
Ron Rivera,2019,127,0.18110236220472442,0.5905511811023622,0.2283464566929134,0.005772007063135694,0.7559055118110236
Ron Rivera,2020,128,0.15625,0.5859375,0.2578125,0.006361124810168643,0.7265625
Ron Rivera,2021,121,0.2231404958677686,0.5206611570247934,0.256198347107438,0.01017126613866553,0.6033057851239669
Ron Rivera,2022,136,0.18382352941176472,0.6029411764705882,0.21323529411764705,0.008656604865417477,0.75
Ron Rivera,2023,123,0.22764227642276422,0.6097560975609756,0.16260162601626016,0.007922781241988372,0.7073170731707317
Sean McDermott,2017,135,0.11851851851851852,0.6444444444444445,0.23703703703703705,0.006806509984991649,0.7185185185185186
Sean McDermott,2018,126,0.1349206349206349,0.6507936507936508,0.21428571428571427,0.01088098319148274,0.6349206349206349
Sean McDermott,2019,132,0.14393939393939395,0.6287878787878788,0.22727272727272727,0.00844760506466648,0.7196969696969697
Sean McDermott,2020,102,0.11764705882352941,0.5098039215686274,0.37254901960784315,0.007564343492785223,0.6666666666666666
Sean McDermott,2021,110,0.21818181818181817,0.5181818181818182,0.2636363636363636,0.007727668713105443,0.7090909090909091
Sean McDermott,2022,99,0.15151515151515152,0.5555555555555556,0.29292929292929293,0.0039831111177820655,0.7878787878787878
Sean McDermott,2023,107,0.1588785046728972,0.5233644859813084,0.3177570093457944,0.005499803379817602,0.7383177570093458
Sean McDermott,2024,121,0.23140495867768596,0.5041322314049587,0.2644628099173554,0.008000700402279402,0.7851239669421488
Sean McDermott,2025,109,0.29357798165137616,0.47706422018348627,0.22935779816513763,0.007171107953530868,0.7155963302752294
Sean McVay,2017,122,0.09836065573770492,0.5737704918032787,0.32786885245901637,0.007099264989144461,0.6967213114754098
Sean McVay,2018,117,0.1111111111111111,0.48717948717948717,0.4017094017094017,0.008416589825784573,0.6752136752136753
Sean McVay,2019,110,0.10909090909090909,0.6090909090909091,0.2818181818181818,0.005722229611430847,0.7454545454545455
Sean McVay,2020,131,0.13740458015267176,0.6106870229007634,0.25190839694656486,0.006979735363353609,0.6870229007633588
Sean McVay,2021,127,0.14960629921259844,0.5275590551181102,0.3228346456692913,0.007435954238047608,0.6377952755905512
Sean McVay,2022,118,0.15254237288135594,0.6186440677966102,0.2288135593220339,0.009213679256206883,0.6949152542372882
Sean McVay,2023,131,0.16793893129770993,0.5038167938931297,0.3282442748091603,0.005140890351685061,0.7251908396946565
Sean McVay,2024,131,0.19083969465648856,0.549618320610687,0.2595419847328244,0.008876705347566174,0.6946564885496184
Sean McVay,2025,129,0.2558139534883721,0.5038759689922481,0.24031007751937986,0.0037469388962888595,0.8217054263565892
Sean Payton,2006,132,0.16666666666666666,0.6287878787878788,0.20454545454545456,0.008875893579901942,0.6666666666666666
Sean Payton,2007,103,0.20388349514563106,0.6116504854368932,0.18446601941747573,0.009709487321232196,0.6407766990291263
Sean Payton,2008,91,0.16483516483516483,0.5824175824175825,0.25274725274725274,0.008756111835462668,0.6043956043956044
Sean Payton,2009,113,0.12389380530973451,0.6194690265486725,0.25663716814159293,0.01351889984413835,0.5486725663716814
Sean Payton,2010,99,0.10101010101010101,0.6060606060606061,0.29292929292929293,0.010690670532336216,0.6363636363636364
Sean Payton,2011,94,0.11702127659574468,0.5531914893617021,0.32978723404255317,0.006281212182646829,0.6702127659574468
Sean Payton,2013,120,0.15,0.5583333333333333,0.2916666666666667,0.0075705989972226885,0.6833333333333333
Sean Payton,2014,91,0.14285714285714285,0.6373626373626373,0.21978021978021978,0.008092220758575058,0.6483516483516484
Sean Payton,2015,103,0.14563106796116504,0.6407766990291263,0.21359223300970873,0.01103023421893314,0.6310679611650486
Sean Payton,2016,101,0.1485148514851485,0.5643564356435643,0.2871287128712871,0.007822822991930834,0.7128712871287128
Sean Payton,2017,120,0.125,0.5666666666666667,0.30833333333333335,0.008680637391591452,0.6833333333333333
Sean Payton,2018,101,0.1782178217821782,0.49504950495049505,0.32673267326732675,0.006638373401594162,0.6831683168316832
Sean Payton,2019,107,0.102803738317757,0.6074766355140186,0.2897196261682243,0.007315035958785424,0.719626168224299
Sean Payton,2020,110,0.13636363636363635,0.6090909090909091,0.2545454545454545,0.010294522652984776,0.6545454545454545
Sean Payton,2021,132,0.15151515151515152,0.6287878787878788,0.2196969696969697,0.007633669515915598,0.7575757575757576
Sean Payton,2023,129,0.14728682170542637,0.6124031007751938,0.24031007751937986,0.004434537272985601,0.7364341085271318
Sean Payton,2024,132,0.17424242424242425,0.6136363636363636,0.21212121212121213,0.006760362231401326,0.7424242424242424
Sean Payton,2025,134,0.12686567164179105,0.6343283582089553,0.23880597014925373,0.007141993015813666,0.7238805970149254
Shane Steichen,2023,138,0.2318840579710145,0.4927536231884058,0.2753623188405797,0.006306926205765428,0.7536231884057971
Shane Steichen,2024,129,0.20930232558139536,0.5193798449612403,0.2713178294573643,0.006805611517534798,0.7674418604651163
Shane Steichen,2025,99,0.24242424242424243,0.4444444444444444,0.31313131313131315,0.005144411605315598,0.797979797979798
Steve Mariucci,1999,119,0.19327731092436976,0.6218487394957983,0.18487394957983194,0.011331544492619973,0.5378151260504201
Steve Mariucci,2000,109,0.1743119266055046,0.6330275229357798,0.1926605504587156,0.007373001244022514,0.7155963302752294
Steve Mariucci,2001,111,0.14414414414414414,0.6666666666666666,0.1891891891891892,0.008602504992383958,0.6576576576576577
Steve Mariucci,2002,125,0.144,0.568,0.288,0.008980188709322426,0.656
Steve Mariucci,2003,134,0.1417910447761194,0.7014925373134329,0.15671641791044777,0.011131808875224216,0.5671641791044776
Steve Mariucci,2004,132,0.10606060606060606,0.7045454545454546,0.1893939393939394,0.012922292090423329,0.5757575757575758
Steve Mariucci,2005,89,0.16853932584269662,0.651685393258427,0.1797752808988764,0.010003897224753143,0.6853932584269663
Steve Spagnuolo,2017,37,0.13513513513513514,0.7027027027027027,0.16216216216216217,0.011821863644136347,0.6756756756756757
Steve Spurrier,2002,119,0.19327731092436976,0.6134453781512605,0.19327731092436976,0.005540062324168079,0.6974789915966386
Steve Spurrier,2003,126,0.10317460317460317,0.6428571428571429,0.25396825396825395,0.010298301315622602,0.6349206349206349
Steve Wilks,2018,126,0.12698412698412698,0.746031746031746,0.12698412698412698,0.008652707097777903,0.6428571428571429
Steve Wilks,2022,86,0.10465116279069768,0.6744186046511628,0.22093023255813954,0.010703324202734371,0.6395348837209303
Terry Robiskie,2000,93,0.043010752688172046,0.6881720430107527,0.26881720430107525,0.00960419168885012,0.6344086021505376
Terry Robiskie,2004,40,0.2,0.6,0.2,0.009984010134271585,0.475
Todd Bowles,2011,24,0.041666666666666664,0.6666666666666666,0.2916666666666667,0.009053843509208594,0.6666666666666666
Todd Bowles,2015,126,0.1111111111111111,0.6349206349206349,0.25396825396825395,0.00696153268285915,0.6428571428571429
Todd Bowles,2016,123,0.15447154471544716,0.6016260162601627,0.24390243902439024,0.008394033992709063,0.7073170731707317
Todd Bowles,2017,133,0.09774436090225563,0.6917293233082706,0.21052631578947367,0.010771207090371764,0.5939849624060151
Todd Bowles,2018,135,0.14814814814814814,0.6074074074074074,0.24444444444444444,0.00701405998236698,0.674074074074074
Todd Bowles,2022,149,0.2080536912751678,0.5570469798657718,0.2348993288590604,0.005572035490588749,0.7449664429530202
Todd Bowles,2023,138,0.13768115942028986,0.6086956521739131,0.2536231884057971,0.009469625197945608,0.6739130434782609
Todd Bowles,2024,96,0.125,0.5416666666666666,0.3333333333333333,0.0053389889175361775,0.78125
Todd Bowles,2025,122,0.22131147540983606,0.5245901639344263,0.2540983606557377,0.005944292780185045,0.7377049180327869
Todd Haley,2009,150,0.18666666666666668,0.6333333333333333,0.18,0.009628176023233308,0.5933333333333334
Todd Haley,2010,135,0.15555555555555556,0.6888888888888889,0.15555555555555556,0.008374298209463275,0.674074074074074
Todd Haley,2011,110,0.14545454545454545,0.6909090909090909,0.16363636363636364,0.00918862533995696,0.6090909090909091
Tom Coughlin,1999,134,0.08208955223880597,0.6343283582089553,0.2835820895522388,0.009339909824417285,0.6268656716417911
Tom Coughlin,2000,125,0.112,0.624,0.264,0.011457119962741721,0.592
Tom Coughlin,2001,116,0.09482758620689655,0.6896551724137931,0.21551724137931033,0.01085462859092545,0.5948275862068966
Tom Coughlin,2002,128,0.203125,0.625,0.171875,0.010170441635841786,0.59375
Tom Coughlin,2004,121,0.15702479338842976,0.6363636363636364,0.2066115702479339,0.012375285443700245,0.6033057851239669
Tom Coughlin,2005,129,0.09302325581395349,0.5968992248062015,0.31007751937984496,0.01027996051342384,0.6124031007751938
Tom Coughlin,2006,121,0.11570247933884298,0.6859504132231405,0.19834710743801653,0.009134074921949951,0.5702479338842975
Tom Coughlin,2007,138,0.13768115942028986,0.6521739130434783,0.21014492753623187,0.009751937391858766,0.6014492753623188
Tom Coughlin,2008,120,0.10833333333333334,0.55,0.3416666666666667,0.006106351363176175,0.75
Tom Coughlin,2009,107,0.14018691588785046,0.5981308411214953,0.2616822429906542,0.0035994140835848417,0.794392523364486
Tom Coughlin,2010,105,0.10476190476190476,0.6952380952380952,0.2,0.007730006845153801,0.6857142857142857
Tom Coughlin,2011,147,0.10204081632653061,0.7006802721088435,0.19727891156462585,0.011784549135473022,0.6666666666666666
Tom Coughlin,2012,103,0.0970873786407767,0.5631067961165048,0.33980582524271846,0.011471492690203205,0.5728155339805825
Tom Coughlin,2013,126,0.07936507936507936,0.7222222222222222,0.1984126984126984,0.008519102118551454,0.7142857142857143
Tom Coughlin,2014,118,0.11016949152542373,0.6864406779661016,0.2033898305084746,0.008422654165213646,0.7033898305084746
Tom Coughlin,2015,120,0.125,0.6166666666666667,0.25833333333333336,0.011432091888247824,0.6083333333333333
Tony Dungy,1999,154,0.1038961038961039,0.6753246753246753,0.22077922077922077,0.00893847271591528,0.6623376623376623
Tony Dungy,2000,133,0.09022556390977443,0.6842105263157895,0.22556390977443608,0.01046839079471124,0.631578947368421
Tony Dungy,2001,136,0.11029411764705882,0.6397058823529411,0.25,0.010934133314615797,0.625
Tony Dungy,2002,115,0.1391304347826087,0.6260869565217392,0.23478260869565218,0.010590161270753268,0.6434782608695652
Tony Dungy,2003,123,0.18699186991869918,0.5284552845528455,0.2845528455284553,0.0074343792923738505,0.6260162601626016
Tony Dungy,2004,92,0.06521739130434782,0.6739130434782609,0.2608695652173913,0.009081693584046625,0.6086956521739131
Tony Dungy,2005,94,0.1276595744680851,0.6063829787234043,0.26595744680851063,0.008139680733813796,0.648936170212766
Tony Dungy,2006,104,0.057692307692307696,0.5865384615384616,0.3557692307692308,0.010230792740924834,0.6346153846153846
Tony Dungy,2007,93,0.12903225806451613,0.5698924731182796,0.3010752688172043,0.007672199902213566,0.6989247311827957
Tony Dungy,2008,98,0.17346938775510204,0.5918367346938775,0.23469387755102042,0.012412969625960748,0.6428571428571429
Tony Sparano,2008,116,0.1206896551724138,0.6551724137931034,0.22413793103448276,0.010689846142512803,0.6206896551724138
Tony Sparano,2009,117,0.1452991452991453,0.6410256410256411,0.21367521367521367,0.008825621070207054,0.6752136752136753
Tony Sparano,2010,120,0.08333333333333333,0.6166666666666667,0.3,0.009211465295271535,0.6833333333333333
Tony Sparano,2011,106,0.14150943396226415,0.5754716981132075,0.2830188679245283,0.01002971335819468,0.5660377358490566
Urban Meyer,2021,97,0.23711340206185566,0.6082474226804123,0.15463917525773196,0.008199908228682787,0.5979381443298969
Vance Joseph,2017,125,0.144,0.608,0.248,0.010342869105304086,0.672
Vance Joseph,2018,130,0.19230769230769232,0.6538461538461539,0.15384615384615385,0.01085576694234932,0.6230769230769231
Vic Fangio,2019,125,0.128,0.624,0.248,0.009827857734634298,0.648
Vic Fangio,2020,111,0.11711711711711711,0.5855855855855856,0.2972972972972973,0.008012843219708715,0.6216216216216216
Vic Fangio,2021,122,0.21311475409836064,0.5491803278688525,0.23770491803278687,0.007852718036459096,0.5983606557377049
Vince Tobin,1999,135,0.11851851851851852,0.6962962962962963,0.18518518518518517,0.00836106950278081,0.6518518518518519
Vince Tobin,2000,63,0.2222222222222222,0.5238095238095238,0.25396825396825395,0.012289702477976316,0.6031746031746031
Wade Phillips,1999,131,0.16030534351145037,0.6106870229007634,0.22900763358778625,0.008236130941038759,0.5801526717557252
Wade Phillips,2000,126,0.07936507936507936,0.7063492063492064,0.21428571428571427,0.011234324141098078,0.6507936507936508
Wade Phillips,2007,112,0.13392857142857142,0.5982142857142857,0.26785714285714285,0.009462867868786197,0.6160714285714286
Wade Phillips,2008,107,0.09345794392523364,0.7289719626168224,0.17757009345794392,0.007881174714496786,0.6635514018691588
Wade Phillips,2009,125,0.104,0.64,0.256,0.008390943821806931,0.712
Wade Phillips,2010,56,0.21428571428571427,0.5892857142857143,0.19642857142857142,0.018972653551504542,0.5535714285714286
Wade Phillips,2013,26,0.038461538461538464,0.8076923076923077,0.15384615384615385,0.012484543782485159,0.5
Zac Taylor,2019,128,0.1953125,0.578125,0.2265625,0.006644093855722755,0.6796875
Zac Taylor,2020,127,0.1968503937007874,0.5590551181102362,0.2440944881889764,0.005576507576277671,0.7165354330708661
Zac Taylor,2021,144,0.1597222222222222,0.5625,0.2777777777777778,0.008705778184611369,0.6666666666666666
Zac Taylor,2022,109,0.10091743119266056,0.6146788990825688,0.28440366972477066,0.006178859433132055,0.7339449541284404
Zac Taylor,2023,125,0.152,0.608,0.24,0.009180485561178807,0.688
Zac Taylor,2024,102,0.17647058823529413,0.5196078431372549,0.30392156862745096,0.007585875234238806,0.6764705882352942
Zac Taylor,2025,107,0.17757009345794392,0.5981308411214953,0.22429906542056074,0.009718515065849089,0.6915887850467289
